AgreementID,SuspensionStartDate,SuspensionEndDate,NewSuspensionStartDate,NewSuspensionEndDate,NewSuspensionReason
00000000000000190557_00000001301479533240_00081,,,20/01/2022,05/02/2022,SUSP_REA_008
00000000000000190557_00000001301479771293_00087,,,20/01/2022,05/02/2022,SUSP_REA_008
00000000000000190616_00000001301905243974_00032,,,20/01/2022,05/02/2022,SUSP_REA_008
00000000000000190557_00000001301064513443_00001,,,20/01/2022,05/02/2022,SUSP_REA_008
00000000000000190793_00000001302010889312_00001,,,20/01/2022,05/02/2022,SUSP_REA_008
00000000000001993220_00000001519647934490_00040,,,20/01/2022,05/02/2022,SUSP_REA_008
00000000000001312202_00000001453990811677_00241,,,20/01/2022,05/02/2022,SUSP_REA_008
00000000000000875564_00000001407399390793_00103,,,20/01/2022,05/02/2022,SUSP_REA_008
00000000000002159352_00000001534947903636_00050,,,20/01/2022,05/02/2022,SUSP_REA_008
00000000000001788606_00000001500474212752_00121,,,20/01/2022,05/02/2022,SUSP_REA_008
00000000000002790186_00000001594896388272_00189,,,20/01/2022,05/02/2022,SUSP_REA_008
00000000000000873913_00000001407163724699_00279,,,20/01/2022,05/02/2022,SUSP_REA_008
00000000000000644830_00000001376572558616_00247,,,20/01/2022,05/02/2022,SUSP_REA_008
00000000000001114030_00000001433934124249_00238,,,20/01/2022,05/02/2022,SUSP_REA_008
00000000000001993462_00000001519644346296_00059,,,20/01/2022,05/02/2022,SUSP_REA_008
00000000000001995137_00000001519816290463_00033,,,20/01/2022,05/02/2022,SUSP_REA_008
00000000000001098083_00000001432282659832_00061,,,20/01/2022,05/02/2022,SUSP_REA_008
00000000000000198328_00000001310722925651_00302,,,20/01/2022,05/02/2022,SUSP_REA_008
00000000000000274572_00000001324478171924_00116,,,20/01/2022,05/02/2022,SUSP_REA_008
00000000000002481974_00000001565608981328_00123,,,20/01/2022,05/02/2022,SUSP_REA_008
00000000000000196709_00000001310480886855_00526,,,20/01/2022,05/02/2022,SUSP_REA_008
00000000000000197062_00000001310488999587_00475,,,20/01/2022,05/02/2022,SUSP_REA_008
00000000000000197186_00000001310478747184_00102,,,20/01/2022,05/02/2022,SUSP_REA_008
00000000000000197084_00000001310378811776_00003,,,20/01/2022,05/02/2022,SUSP_REA_008
00000000000000311360_00000001330271478217_00065,,,20/01/2022,05/02/2022,SUSP_REA_008
00000000000000198468_00000001310741117683_00194,,,20/01/2022,05/02/2022,SUSP_REA_008
00000000000001108126_00000001433345893983_00129,,,20/01/2022,05/02/2022,SUSP_REA_008
00000000000000430678_00000001346928203808_00033,,,20/01/2022,05/02/2022,SUSP_REA_008
00000000000000197494_00000001310564489638_00264,,,20/01/2022,05/02/2022,SUSP_REA_008
00000000000000273641_00000001324312889927_00062,,,20/01/2022,05/02/2022,SUSP_REA_008
00000000000001995928_00000001519910287047_00110,,,20/01/2022,05/02/2022,SUSP_REA_008
00000000000000258506_00000001321878416834_00116,,,20/01/2022,05/02/2022,SUSP_REA_008
00000000000000268548_00000001323446326445_00097,,,20/01/2022,05/02/2022,SUSP_REA_008
00000000000001513167_00000001475594523211_00272,,,20/01/2022,05/02/2022,SUSP_REA_008
00000000000002178606_00000001536674820795_00071,,,20/01/2022,05/02/2022,SUSP_REA_008
00000000000002484070_00000001565787929394_00065,,,20/01/2022,05/02/2022,SUSP_REA_008
00000000000000290712_00000001327136981508_00092,,,20/01/2022,05/02/2022,SUSP_REA_008
00000000000000219816_00000001314610768859_00172,,,20/01/2022,05/02/2022,SUSP_REA_008
00000000000000199990_00000001311066184961_00010,,,20/01/2022,05/02/2022,SUSP_REA_008
00000000000000200044_00000001311067771077_00106,,,20/01/2022,05/02/2022,SUSP_REA_008
00000000000000779859_00000001393930893841_00122,,,20/01/2022,05/02/2022,SUSP_REA_008
00000000000002380752_00000001556026057908_00102,,,20/01/2022,05/02/2022,SUSP_REA_008
00000000000000755476_00000001390835956686_00167,,,20/01/2022,05/02/2022,SUSP_REA_008
00000000000002173207_00000001536246895081_00063,,,20/01/2022,05/02/2022,SUSP_REA_008
00000000000002187608_00000001537533761073_00502,,,20/01/2022,05/02/2022,SUSP_REA_008
00000000000002219409_00000001540814652639_00035,,,20/01/2022,05/02/2022,SUSP_REA_008
00000000000000330569_00000001333035696103_00191,,,20/01/2022,05/02/2022,SUSP_REA_008
00000000000000410756_00000001344520843706_00132,,,20/01/2022,05/02/2022,SUSP_REA_008
00000000000000428721_00000001346750946613_00172,,,20/01/2022,05/02/2022,SUSP_REA_008
00000000000002290137_00000001547466677965_00053,,,20/01/2022,05/02/2022,SUSP_REA_008
00000000000003092466_00000001623148602166_00023,,,20/01/2022,05/02/2022,SUSP_REA_008
00000000000000498424_00000001357229279009_00156,,,20/01/2022,05/02/2022,SUSP_REA_008
00000000000000906331_00000001411637825470_00471,,,20/01/2022,05/02/2022,SUSP_REA_008
00000000000002381573_00000001556114459389_00080,,,20/01/2022,05/02/2022,SUSP_REA_008
00000000000000199427_00000001311001566046_00285,,,20/01/2022,05/02/2022,SUSP_REA_008
00000000000001955052_00000001516205499676_00159,,,20/01/2022,05/02/2022,SUSP_REA_008
00000000000003079450_00000001621856750054_00589,,,20/01/2022,05/02/2022,SUSP_REA_008
00000000000000751562_00000001390309848258_00042,,,20/01/2022,05/02/2022,SUSP_REA_008
00000000000000200508_00000001311160485382_00029,,,20/01/2022,05/02/2022,SUSP_REA_008
00000000000000200846_00000001311172586731_00084,,,20/01/2022,05/02/2022,SUSP_REA_008
00000000000000295381_00000001327917020289_00126,,,20/01/2022,05/02/2022,SUSP_REA_008
00000000000000200534_00000001311149695183_00093,,,20/01/2022,05/02/2022,SUSP_REA_008
00000000000000204769_00000001311947035244_00153,,,20/01/2022,05/02/2022,SUSP_REA_008
00000000000001636124_00000001486644518087_00083,,,20/01/2022,05/02/2022,SUSP_REA_008
00000000000000201661_00000001311363661387_00384,,,20/01/2022,05/02/2022,SUSP_REA_008
00000000000001527531_00000001476799672177_00125,,,20/01/2022,05/02/2022,SUSP_REA_008
00000000000003098420_00000001623750768096_00038,,,20/01/2022,05/02/2022,SUSP_REA_008
00000000000001500332_00000001474370099963_00037,,,20/01/2022,05/02/2022,SUSP_REA_008
00000000000000202198_00000001311425950029_00253,,,20/01/2022,05/02/2022,SUSP_REA_008
00000000000000629639_00000001374574450090_00053,,,20/01/2022,05/02/2022,SUSP_REA_008
00000000000001501067_00000001474470497811_00335,,,20/01/2022,05/02/2022,SUSP_REA_008
00000000000002123807_00000001531758830989_00075,,,20/01/2022,05/02/2022,SUSP_REA_008
00000000000000203148_00000001311603793558_00130,,,20/01/2022,05/02/2022,SUSP_REA_008
00000000000001227048_00000001445526857331_00140,,,20/01/2022,05/02/2022,SUSP_REA_008
00000000000000318090_00000001331222384207_00111,,,20/01/2022,05/02/2022,SUSP_REA_008
00000000000000202793_00000001311592896697_00143,,,20/01/2022,05/02/2022,SUSP_REA_008
00000000000001196466_00000001442501527678_00281,,,20/01/2022,05/02/2022,SUSP_REA_008
00000000000000202883_00000001311600236960_00235,,,20/01/2022,05/02/2022,SUSP_REA_008
00000000000000203302_00000001311674939110_00163,,,20/01/2022,05/02/2022,SUSP_REA_008
00000000000000371534_00000001339164734706_00203,,,20/01/2022,05/02/2022,SUSP_REA_008
00000000000001663246_00000001488903358924_00125,,,20/01/2022,05/02/2022,SUSP_REA_008
00000000000000831616_00000001401204888511_00076,,,20/01/2022,05/02/2022,SUSP_REA_008
00000000000000204425_00000001311871042808_00138,,,20/01/2022,05/02/2022,SUSP_REA_008
00000000000001560891_00000001480004297716_00161,,,20/01/2022,05/02/2022,SUSP_REA_008
00000000000000204312_00000001311853600668_00167,,,20/01/2022,05/02/2022,SUSP_REA_008
00000000000003074605_00000001621438470455_00192,,,20/01/2022,05/02/2022,SUSP_REA_008
00000000000000211583_00000001313077631026_00149,,,20/01/2022,05/02/2022,SUSP_REA_008
00000000000000205693_00000001312119464680_00105,,,20/01/2022,05/02/2022,SUSP_REA_008
00000000000001667298_00000001489243177299_00115,,,20/01/2022,05/02/2022,SUSP_REA_008
00000000000002461458_00000001563797359742_00163,,,20/01/2022,05/02/2022,SUSP_REA_008
00000000000002461787_00000001563798017618_00084,,,20/01/2022,05/02/2022,SUSP_REA_008
00000000000000223301_00000001315217716076_00001,,,20/01/2022,05/02/2022,SUSP_REA_008
00000000000000238777_00000001318332681969_00023,,,20/01/2022,05/02/2022,SUSP_REA_008
00000000000003056716_00000001619618356897_00158,,,20/01/2022,05/02/2022,SUSP_REA_008
00000000000000397424_00000001342786599571_00287,,,20/01/2022,05/02/2022,SUSP_REA_008
00000000000000644274_00000001376501097076_00330,,,20/01/2022,05/02/2022,SUSP_REA_008
00000000000000206507_00000001312277755946_00279,,,20/01/2022,05/02/2022,SUSP_REA_008
00000000000002935552_00000001606987379237_00366,,,20/01/2022,05/02/2022,SUSP_REA_008
00000000000000206433_00000001312299484925_00355,,,20/01/2022,05/02/2022,SUSP_REA_008
00000000000000349089_00000001335968235137_00195,,,20/01/2022,05/02/2022,SUSP_REA_008
00000000000000273950_00000001324384192408_00088,,,20/01/2022,05/02/2022,SUSP_REA_008
00000000000000940071_00000001415978293516_00066,,,20/01/2022,05/02/2022,SUSP_REA_008
00000000000000206507_00000001312284497421_00314,,,20/01/2022,05/02/2022,SUSP_REA_008
00000000000000373121_00000001339497382263_00077,,,20/01/2022,05/02/2022,SUSP_REA_008
00000000000002583375_00000001575026291440_00714,,,20/01/2022,05/02/2022,SUSP_REA_008
00000000000000395268_00000001342518893909_00047,,,20/01/2022,05/02/2022,SUSP_REA_008
00000000000002444051_00000001562077727881_00100,,,20/01/2022,05/02/2022,SUSP_REA_008
00000000000001502152_00000001474551834256_00256,,,20/01/2022,05/02/2022,SUSP_REA_008
00000000000000274677_00000001324486404844_00127,,,20/01/2022,05/02/2022,SUSP_REA_008
00000000000000647385_00000001376910954072_00134,,,20/01/2022,05/02/2022,SUSP_REA_008
00000000000000206911_00000001312385569752_00197,,,20/01/2022,05/02/2022,SUSP_REA_008
00000000000003111696_00000001625226903425_00079,,,20/01/2022,05/02/2022,SUSP_REA_008
00000000000001487304_00000001473092348695_00280,,,20/01/2022,05/02/2022,SUSP_REA_008
00000000000000212127_00000001313165496039_00034,,,20/01/2022,05/02/2022,SUSP_REA_008
00000000000000509839_00000001358790750729_00140,,,20/01/2022,05/02/2022,SUSP_REA_008
00000000000000762571_00000001391604726778_00072,,,20/01/2022,05/02/2022,SUSP_REA_008
00000000000000208015_00000001312472979674_00216,,,20/01/2022,05/02/2022,SUSP_REA_008
00000000000000259984_00000001322064240837_00012,,,20/01/2022,05/02/2022,SUSP_REA_008
00000000000000947658_00000001416663967240_00052,,,20/01/2022,05/02/2022,SUSP_REA_008
00000000000001227692_00000001445625089047_00351,,,20/01/2022,05/02/2022,SUSP_REA_008
00000000000000547328_00000001363703267857_00499,,,20/01/2022,05/02/2022,SUSP_REA_008
00000000000000945545_00000001416477530117_00007,,,20/01/2022,05/02/2022,SUSP_REA_008
00000000000001227692_00000001445622792873_00327,,,20/01/2022,05/02/2022,SUSP_REA_008
00000000000000208155_00000001312559860337_00293,,,20/01/2022,05/02/2022,SUSP_REA_008
00000000000000217269_00000001314106899040_00001,,,20/01/2022,05/02/2022,SUSP_REA_008
00000000000000785752_00000001394700307315_00071,,,20/01/2022,05/02/2022,SUSP_REA_008
00000000000001157187_00000001438347776190_00175,,,20/01/2022,05/02/2022,SUSP_REA_008
00000000000000226933_00000001316009227263_00423,,,20/01/2022,05/02/2022,SUSP_REA_008
00000000000000215248_00000001313756099945_00257,,,20/01/2022,05/02/2022,SUSP_REA_008
00000000000000688042_00000001382540010103_00189,,,20/01/2022,05/02/2022,SUSP_REA_008
00000000000000209453_00000001312809368489_00082,,,20/01/2022,05/02/2022,SUSP_REA_008
00000000000000209991_00000001312884989518_00070,,,20/01/2022,05/02/2022,SUSP_REA_008
00000000000000211842_00000001313143687522_00074,,,20/01/2022,05/02/2022,SUSP_REA_008
00000000000002860354_00000001600861387759_00342,,,20/01/2022,05/02/2022,SUSP_REA_008
00000000000001861983_00000001507641359924_00001,,,20/01/2022,05/02/2022,SUSP_REA_008
00000000000000209608_00000001312809053845_00092,,,20/01/2022,05/02/2022,SUSP_REA_008
00000000000001174614_00000001440079210020_00271,,,20/01/2022,05/02/2022,SUSP_REA_008
00000000000000210240_00000001312898337898_00169,,,20/01/2022,05/02/2022,SUSP_REA_008
00000000000000210363_00000001312899880511_00120,,,20/01/2022,05/02/2022,SUSP_REA_008
00000000000000210553_00000001312987502984_00060,,,20/01/2022,05/02/2022,SUSP_REA_008
00000000000000210529_00000001312966374628_00067,,,20/01/2022,05/02/2022,SUSP_REA_008
00000000000000210543_00000001312966051189_00001,,,20/01/2022,05/02/2022,SUSP_REA_008
00000000000001244544_00000001447245582326_00200,,,20/01/2022,05/02/2022,SUSP_REA_008
00000000000000212225_00000001313238713053_00045,,,20/01/2022,05/02/2022,SUSP_REA_008
00000000000000211566_00000001313072411410_00120,,,20/01/2022,05/02/2022,SUSP_REA_008
00000000000000211351_00000001313073411177_00101,,,20/01/2022,05/02/2022,SUSP_REA_008
00000000000002165272_00000001535449498575_00001,,,20/01/2022,05/02/2022,SUSP_REA_008
00000000000000211717_00000001313144055162_00061,,,20/01/2022,05/02/2022,SUSP_REA_008
00000000000000534405_00000001361983239942_00297,,,20/01/2022,05/02/2022,SUSP_REA_008
00000000000000213322_00000001313415677178_00015,,,20/01/2022,05/02/2022,SUSP_REA_008
00000000000000213342_00000001313424585580_00200,,,20/01/2022,05/02/2022,SUSP_REA_008
00000000000000214766_00000001313658501630_00033,,,20/01/2022,05/02/2022,SUSP_REA_008
00000000000000213672_00000001313491472815_00315,,,20/01/2022,05/02/2022,SUSP_REA_008
00000000000000213711_00000001313487903664_00030,,,20/01/2022,05/02/2022,SUSP_REA_008
00000000000000213637_00000001313485585077_00022,,,20/01/2022,05/02/2022,SUSP_REA_008
00000000000000213633_00000001313488753422_00026,,,20/01/2022,05/02/2022,SUSP_REA_008
00000000000002291336_00000001547564491483_00173,,,20/01/2022,05/02/2022,SUSP_REA_008
00000000000000217116_00000001314092591935_00002,,,20/01/2022,05/02/2022,SUSP_REA_008
00000000000003094405_00000001623317940339_00077,,,20/01/2022,05/02/2022,SUSP_REA_008
00000000000000540676_00000001362760668154_00144,,,20/01/2022,05/02/2022,SUSP_REA_008
00000000000000541215_00000001362760965747_00098,,,20/01/2022,05/02/2022,SUSP_REA_008
00000000000001692946_00000001491305292219_00011,,,20/01/2022,05/02/2022,SUSP_REA_008
00000000000001149184_00000001437589958105_00244,,,20/01/2022,05/02/2022,SUSP_REA_008
00000000000001197159_00000001442591946600_00269,,,20/01/2022,05/02/2022,SUSP_REA_008
00000000000000215264_00000001313751021882_00049,,,20/01/2022,05/02/2022,SUSP_REA_008
00000000000002832148_00000001598461088634_00199,,,20/01/2022,05/02/2022,SUSP_REA_008
00000000000000215251_00000001313759284314_00023,,,20/01/2022,05/02/2022,SUSP_REA_008
00000000000000215361_00000001313751259781_00150,,,20/01/2022,05/02/2022,SUSP_REA_008
00000000000000215255_00000001313752338108_00057,,,20/01/2022,05/02/2022,SUSP_REA_008
00000000000001643415_00000001487245195651_00025,,,20/01/2022,05/02/2022,SUSP_REA_008
00000000000000216186_00000001313930921037_00055,,,20/01/2022,05/02/2022,SUSP_REA_008
00000000000000512012_00000001359026076801_00019,,,20/01/2022,05/02/2022,SUSP_REA_008
00000000000000216649_00000001314022264758_00046,,,20/01/2022,05/02/2022,SUSP_REA_008
00000000000000225951_00000001315825587925_00132,,,20/01/2022,05/02/2022,SUSP_REA_008
00000000000000220390_00000001314719465489_00135,,,20/01/2022,05/02/2022,SUSP_REA_008
00000000000000216530_00000001314003635679_00023,,,20/01/2022,05/02/2022,SUSP_REA_008
00000000000000216511_00000001314012280016_00107,,,20/01/2022,05/02/2022,SUSP_REA_008
00000000000000216719_00000001314008669778_00029,,,20/01/2022,05/02/2022,SUSP_REA_008
00000000000001167404_00000001439372229351_00067,,,20/01/2022,05/02/2022,SUSP_REA_008
00000000000000216883_00000001314093766551_00123,,,20/01/2022,05/02/2022,SUSP_REA_008
00000000000000784943_00000001394628116821_00318,,,20/01/2022,05/02/2022,SUSP_REA_008
00000000000000874421_00000001407263709709_00377,,,20/01/2022,05/02/2022,SUSP_REA_008
00000000000000217913_00000001314197910813_00044,,,20/01/2022,05/02/2022,SUSP_REA_008
00000000000000511980_00000001358994790050_00049,,,20/01/2022,05/02/2022,SUSP_REA_008
00000000000000217494_00000001314197450396_00191,,,20/01/2022,05/02/2022,SUSP_REA_008
00000000000000217555_00000001314197334811_00267,,,20/01/2022,05/02/2022,SUSP_REA_008
00000000000000218075_00000001314270315605_00190,,,20/01/2022,05/02/2022,SUSP_REA_008
00000000000000218113_00000001314270094937_00128,,,20/01/2022,05/02/2022,SUSP_REA_008
00000000000000218430_00000001314287555923_00032,,,20/01/2022,05/02/2022,SUSP_REA_008
00000000000000218075_00000001314286550342_00269,,,20/01/2022,05/02/2022,SUSP_REA_008
00000000000000218153_00000001314285121487_00165,,,20/01/2022,05/02/2022,SUSP_REA_008
00000000000000218053_00000001314275963768_00098,,,20/01/2022,05/02/2022,SUSP_REA_008
00000000000000486010_00000001355312983779_00148,,,20/01/2022,05/02/2022,SUSP_REA_008
00000000000000218064_00000001314287074501_00326,,,20/01/2022,05/02/2022,SUSP_REA_008
00000000000000428047_00000001346687664974_00083,,,20/01/2022,05/02/2022,SUSP_REA_008
00000000000000218612_00000001314372969116_00101,,,20/01/2022,05/02/2022,SUSP_REA_008
00000000000002788613_00000001594801518710_00483,,,20/01/2022,05/02/2022,SUSP_REA_008
00000000000000400912_00000001343212369451_00096,,,20/01/2022,05/02/2022,SUSP_REA_008
00000000000001191298_00000001441791375305_00065,,,20/01/2022,05/02/2022,SUSP_REA_008
00000000000000220342_00000001314711212502_00089,,,20/01/2022,05/02/2022,SUSP_REA_008
00000000000000220726_00000001314702307974_00001,,,20/01/2022,05/02/2022,SUSP_REA_008
00000000000000220847_00000001314789700227_00242,,,20/01/2022,05/02/2022,SUSP_REA_008
00000000000000221349_00000001314866621091_00097,,,20/01/2022,05/02/2022,SUSP_REA_008
00000000000000221409_00000001314865898901_00173,,,20/01/2022,05/02/2022,SUSP_REA_008
00000000000000273948_00000001324397444198_00219,,,20/01/2022,05/02/2022,SUSP_REA_008
00000000000000325619_00000001332351491614_00048,,,20/01/2022,05/02/2022,SUSP_REA_008
00000000000000234475_00000001317397784317_00238,,,20/01/2022,05/02/2022,SUSP_REA_008
00000000000000285915_00000001326466614002_00149,,,20/01/2022,05/02/2022,SUSP_REA_008
00000000000000221602_00000001314893725887_00009,,,20/01/2022,05/02/2022,SUSP_REA_008
00000000000000267250_00000001323256078061_00088,,,20/01/2022,05/02/2022,SUSP_REA_008
00000000000000221387_00000001314867545314_00216,,,20/01/2022,05/02/2022,SUSP_REA_008
00000000000000221349_00000001314867337063_00103,,,20/01/2022,05/02/2022,SUSP_REA_008
00000000000000233377_00000001317311901087_00173,,,20/01/2022,05/02/2022,SUSP_REA_008
00000000000000221382_00000001314888746280_00478,,,20/01/2022,05/02/2022,SUSP_REA_008
00000000000000407142_00000001343992599729_00342,,,20/01/2022,05/02/2022,SUSP_REA_008
00000000000000221398_00000001314867739064_00028,,,20/01/2022,05/02/2022,SUSP_REA_008
00000000000000221349_00000001314868359165_00109,,,20/01/2022,05/02/2022,SUSP_REA_008
00000000000000221415_00000001314867058848_00196,,,20/01/2022,05/02/2022,SUSP_REA_008
00000000000000221579_00000001314866812074_00001,,,20/01/2022,05/02/2022,SUSP_REA_008
00000000000000221841_00000001314957036805_00058,,,20/01/2022,05/02/2022,SUSP_REA_008
00000000000000221936_00000001314964048452_00052,,,20/01/2022,05/02/2022,SUSP_REA_008
00000000000000221850_00000001314975304441_00187,,,20/01/2022,05/02/2022,SUSP_REA_008
00000000000000221917_00000001314974401226_00130,,,20/01/2022,05/02/2022,SUSP_REA_008
00000000000002441196_00000001561799525634_00016,,,20/01/2022,05/02/2022,SUSP_REA_008
00000000000000223122_00000001315219484509_00076,,,20/01/2022,05/02/2022,SUSP_REA_008
00000000000000403072_00000001343462850245_00219,,,20/01/2022,05/02/2022,SUSP_REA_008
00000000000002374590_00000001555404855785_00006,,,20/01/2022,05/02/2022,SUSP_REA_008
00000000000000225998_00000001315817484318_00019,,,20/01/2022,05/02/2022,SUSP_REA_008
00000000000000259005_00000001321976530628_00153,,,20/01/2022,05/02/2022,SUSP_REA_008
00000000000000223438_00000001315323456331_00111,,,20/01/2022,05/02/2022,SUSP_REA_008
00000000000000223588_00000001315323637120_00240,,,20/01/2022,05/02/2022,SUSP_REA_008
00000000000000223488_00000001315321385476_00221,,,20/01/2022,05/02/2022,SUSP_REA_008
00000000000000223500_00000001315323303903_00094,,,20/01/2022,05/02/2022,SUSP_REA_008
00000000000001564296_00000001480340403190_00035,,,20/01/2022,05/02/2022,SUSP_REA_008
00000000000000223919_00000001315370493852_00074,,,20/01/2022,05/02/2022,SUSP_REA_008
00000000000000224389_00000001315477014646_00068,,,20/01/2022,05/02/2022,SUSP_REA_008
00000000000000224405_00000001315486353960_00301,,,20/01/2022,05/02/2022,SUSP_REA_008
00000000000000224606_00000001315472559949_00002,,,20/01/2022,05/02/2022,SUSP_REA_008
00000000000000224569_00000001315477745525_00045,,,20/01/2022,05/02/2022,SUSP_REA_008
00000000000000224428_00000001315474508421_00086,,,20/01/2022,05/02/2022,SUSP_REA_008
00000000000000224866_00000001315567596685_00032,,,20/01/2022,05/02/2022,SUSP_REA_008
00000000000000225098_00000001315566101169_00200,,,20/01/2022,05/02/2022,SUSP_REA_008
00000000000002280230_00000001546511957595_00049,,,20/01/2022,05/02/2022,SUSP_REA_008
00000000000000285953_00000001326450060282_00097,,,20/01/2022,05/02/2022,SUSP_REA_008
00000000000000286074_00000001326447999751_00063,,,20/01/2022,05/02/2022,SUSP_REA_008
00000000000000226235_00000001315824190570_00050,,,20/01/2022,05/02/2022,SUSP_REA_008
00000000000000226333_00000001315824651137_00011,,,20/01/2022,05/02/2022,SUSP_REA_008
00000000000003079810_00000001621956922344_00257,,,20/01/2022,05/02/2022,SUSP_REA_008
00000000000000226180_00000001315827590714_00022,,,20/01/2022,05/02/2022,SUSP_REA_008
00000000000000808965_00000001398165567969_00044,,,20/01/2022,05/02/2022,SUSP_REA_008
00000000000000226527_00000001315942678882_00218,,,20/01/2022,05/02/2022,SUSP_REA_008
00000000000000266398_00000001323171555832_00077,,,20/01/2022,05/02/2022,SUSP_REA_008
00000000000000659399_00000001378464701978_00150,,,20/01/2022,05/02/2022,SUSP_REA_008
00000000000000226884_00000001316013381570_00352,,,20/01/2022,05/02/2022,SUSP_REA_008
00000000000000228163_00000001316164475550_00001,,,20/01/2022,05/02/2022,SUSP_REA_008
00000000000000320866_00000001331656590467_00543,,,20/01/2022,05/02/2022,SUSP_REA_008
00000000000001227903_00000001445623853206_00450,,,20/01/2022,05/02/2022,SUSP_REA_008
00000000000000227895_00000001316164067134_00084,,,20/01/2022,05/02/2022,SUSP_REA_008
00000000000000322410_00000001331829934412_00288,,,20/01/2022,05/02/2022,SUSP_REA_008
00000000000000227407_00000001316088667362_00149,,,20/01/2022,05/02/2022,SUSP_REA_008
00000000000001351598_00000001458208790884_00089,,,20/01/2022,05/02/2022,SUSP_REA_008
00000000000000227983_00000001316182952338_00133,,,20/01/2022,05/02/2022,SUSP_REA_008
00000000000001068403_00000001429196745389_00079,,,20/01/2022,05/02/2022,SUSP_REA_008
00000000000000432439_00000001347276009959_00126,,,20/01/2022,05/02/2022,SUSP_REA_008
00000000000000491109_00000001356000124762_00377,,,20/01/2022,05/02/2022,SUSP_REA_008
00000000000001336597_00000001456426107552_00205,,,20/01/2022,05/02/2022,SUSP_REA_008
00000000000000229639_00000001316531606714_00215,,,20/01/2022,05/02/2022,SUSP_REA_008
00000000000002808034_00000001596458131802_00443,,,20/01/2022,05/02/2022,SUSP_REA_008
00000000000000940126_00000001415965472520_00163,,,20/01/2022,05/02/2022,SUSP_REA_008
00000000000001275092_00000001450259275152_00011,,,20/01/2022,05/02/2022,SUSP_REA_008
00000000000001298694_00000001452601659598_00107,,,20/01/2022,05/02/2022,SUSP_REA_008
00000000000000346404_00000001335529966174_00116,,,20/01/2022,05/02/2022,SUSP_REA_008
00000000000000230158_00000001316596826148_00022,,,20/01/2022,05/02/2022,SUSP_REA_008
00000000000000804008_00000001397564872489_00079,,,20/01/2022,05/02/2022,SUSP_REA_008
00000000000000870925_00000001406726606580_00038,,,20/01/2022,05/02/2022,SUSP_REA_008
00000000000000230681_00000001316707485962_00120,,,20/01/2022,05/02/2022,SUSP_REA_008
00000000000000844809_00000001403257246775_00070,,,20/01/2022,05/02/2022,SUSP_REA_008
00000000000000231342_00000001316788338711_00122,,,20/01/2022,05/02/2022,SUSP_REA_008
00000000000000231617_00000001316871733517_00210,,,20/01/2022,05/02/2022,SUSP_REA_008
00000000000001850108_00000001506527633599_00265,,,20/01/2022,05/02/2022,SUSP_REA_008
00000000000000232294_00000001317046243276_00143,,,20/01/2022,05/02/2022,SUSP_REA_008
00000000000001084731_00000001430917506654_00076,,,20/01/2022,05/02/2022,SUSP_REA_008
00000000000000232663_00000001317134865590_00217,,,20/01/2022,05/02/2022,SUSP_REA_008
00000000000000739716_00000001389013335128_00036,,,20/01/2022,05/02/2022,SUSP_REA_008
00000000000000350323_00000001336129755293_00170,,,20/01/2022,05/02/2022,SUSP_REA_008
00000000000002403015_00000001558086066866_00315,,,20/01/2022,05/02/2022,SUSP_REA_008
00000000000000233279_00000001317209411288_00106,,,20/01/2022,05/02/2022,SUSP_REA_008
00000000000000233310_00000001317180575682_00010,,,20/01/2022,05/02/2022,SUSP_REA_008
00000000000000233418_00000001317219522766_00105,,,20/01/2022,05/02/2022,SUSP_REA_008
00000000000000234392_00000001317378284033_00087,,,20/01/2022,05/02/2022,SUSP_REA_008
00000000000000234399_00000001317381913455_00190,,,20/01/2022,05/02/2022,SUSP_REA_008
00000000000000244659_00000001319451437265_00146,,,20/01/2022,05/02/2022,SUSP_REA_008
00000000000000235872_00000001317743930884_00163,,,20/01/2022,05/02/2022,SUSP_REA_008
00000000000000411411_00000001344611186826_00331,,,20/01/2022,05/02/2022,SUSP_REA_008
00000000000000411461_00000001344611865096_00138,,,20/01/2022,05/02/2022,SUSP_REA_008
00000000000000586495_00000001368613984550_00096,,,20/01/2022,05/02/2022,SUSP_REA_008
00000000000000762252_00000001391593267250_00038,,,20/01/2022,05/02/2022,SUSP_REA_008
00000000000002452672_00000001562846436737_00061,,,20/01/2022,05/02/2022,SUSP_REA_008
00000000000000236772_00000001317891815625_00208,,,20/01/2022,05/02/2022,SUSP_REA_008
00000000000000236780_00000001317891733741_00097,,,20/01/2022,05/02/2022,SUSP_REA_008
00000000000000236783_00000001317890157419_00007,,,20/01/2022,05/02/2022,SUSP_REA_008
00000000000000236777_00000001317898386634_00195,,,20/01/2022,05/02/2022,SUSP_REA_008
00000000000001588333_00000001482407651482_00036,,,20/01/2022,05/02/2022,SUSP_REA_008
00000000000000236783_00000001317890647060_00020,,,20/01/2022,05/02/2022,SUSP_REA_008
00000000000000236774_00000001317896388016_00001,,,20/01/2022,05/02/2022,SUSP_REA_008
00000000000000236928_00000001317888677417_00022,,,20/01/2022,05/02/2022,SUSP_REA_008
00000000000000237288_00000001317980855263_00113,,,20/01/2022,05/02/2022,SUSP_REA_008
00000000000000237468_00000001317977365955_00001,,,20/01/2022,05/02/2022,SUSP_REA_008
00000000000000358363_00000001337338646830_00192,,,20/01/2022,05/02/2022,SUSP_REA_008
00000000000002651930_00000001581592471547_00038,,,20/01/2022,05/02/2022,SUSP_REA_008
00000000000000239252_00000001318429782975_00121,,,20/01/2022,05/02/2022,SUSP_REA_008
00000000000000239531_00000001318410732523_00007,,,20/01/2022,05/02/2022,SUSP_REA_008
00000000000000916593_00000001413189828856_00088,,,20/01/2022,05/02/2022,SUSP_REA_008
00000000000000239252_00000001318422999560_00073,,,20/01/2022,05/02/2022,SUSP_REA_008
00000000000000243026_00000001319196347183_00529,,,20/01/2022,05/02/2022,SUSP_REA_008
00000000000000240504_00000001318604434855_00106,,,20/01/2022,05/02/2022,SUSP_REA_008
00000000000000240573_00000001318608821599_00083,,,20/01/2022,05/02/2022,SUSP_REA_008
00000000000001014843_00000001423828528929_00076,,,20/01/2022,05/02/2022,SUSP_REA_008
00000000000000240445_00000001318609458459_00055,,,20/01/2022,05/02/2022,SUSP_REA_008
00000000000000990322_00000001421426931388_00306,,,20/01/2022,05/02/2022,SUSP_REA_008
00000000000000246290_00000001319729189946_00242,,,20/01/2022,05/02/2022,SUSP_REA_008
00000000000003105783_00000001624544695771_00321,,,20/01/2022,05/02/2022,SUSP_REA_008
00000000000000292028_00000001327403289445_00179,,,20/01/2022,05/02/2022,SUSP_REA_008
00000000000000242041_00000001318927557595_00008,,,20/01/2022,05/02/2022,SUSP_REA_008
00000000000000245195_00000001319537828039_00218,,,20/01/2022,05/02/2022,SUSP_REA_008
00000000000001091975_00000001431690022876_00161,,,20/01/2022,05/02/2022,SUSP_REA_008
00000000000000243026_00000001319192249150_00406,,,20/01/2022,05/02/2022,SUSP_REA_008
00000000000000244568_00000001319474411596_00208,,,20/01/2022,05/02/2022,SUSP_REA_008
00000000000000245171_00000001319546627508_00122,,,20/01/2022,05/02/2022,SUSP_REA_008
00000000000000245192_00000001319549085975_00220,,,20/01/2022,05/02/2022,SUSP_REA_008
00000000000000245321_00000001319548882685_00051,,,20/01/2022,05/02/2022,SUSP_REA_008
00000000000000245110_00000001319501727232_00010,,,20/01/2022,05/02/2022,SUSP_REA_008
00000000000000343031_00000001334913666393_00194,,,20/01/2022,05/02/2022,SUSP_REA_008
00000000000000245606_00000001319588925984_00033,,,20/01/2022,05/02/2022,SUSP_REA_008
00000000000000247968_00000001320060651091_00087,,,20/01/2022,05/02/2022,SUSP_REA_008
00000000000000245679_00000001319619660152_00033,,,20/01/2022,05/02/2022,SUSP_REA_008
00000000000000245583_00000001319624807078_00042,,,20/01/2022,05/02/2022,SUSP_REA_008
00000000000000245647_00000001319635269952_00147,,,20/01/2022,05/02/2022,SUSP_REA_008
00000000000002293533_00000001547738102464_00284,,,20/01/2022,05/02/2022,SUSP_REA_008
00000000000001370712_00000001460459904805_00067,,,20/01/2022,05/02/2022,SUSP_REA_008
00000000000000246148_00000001319703517651_00281,,,20/01/2022,05/02/2022,SUSP_REA_008
00000000000000246150_00000001319717581985_00146,,,20/01/2022,05/02/2022,SUSP_REA_008
00000000000000402682_00000001343395667595_00120,,,20/01/2022,05/02/2022,SUSP_REA_008
00000000000000578813_00000001367574214617_00061,,,20/01/2022,05/02/2022,SUSP_REA_008
00000000000000246774_00000001319800152484_00030,,,20/01/2022,05/02/2022,SUSP_REA_008
00000000000000260292_00000001322125738215_00133,,,20/01/2022,05/02/2022,SUSP_REA_008
00000000000001227772_00000001445624639063_00223,,,20/01/2022,05/02/2022,SUSP_REA_008
00000000000000246766_00000001319799476213_00151,,,20/01/2022,05/02/2022,SUSP_REA_008
00000000000000260189_00000001322125323063_00080,,,20/01/2022,05/02/2022,SUSP_REA_008
00000000000001227833_00000001445608592240_00054,,,20/01/2022,05/02/2022,SUSP_REA_008
00000000000001625436_00000001485785823568_00144,,,20/01/2022,05/02/2022,SUSP_REA_008
00000000000001652100_00000001487934882759_00006,,,20/01/2022,05/02/2022,SUSP_REA_008
00000000000000248129_00000001320073112242_00059,,,20/01/2022,05/02/2022,SUSP_REA_008
00000000000000647516_00000001376912374533_00170,,,20/01/2022,05/02/2022,SUSP_REA_008
00000000000001160802_00000001438702014370_00125,,,20/01/2022,05/02/2022,SUSP_REA_008
00000000000001245283_00000001447330079733_00029,,,20/01/2022,05/02/2022,SUSP_REA_008
00000000000000248515_00000001320137336618_00019,,,20/01/2022,05/02/2022,SUSP_REA_008
00000000000000342955_00000001334917495080_00228,,,20/01/2022,05/02/2022,SUSP_REA_008
00000000000002778619_00000001593873348300_00236,,,20/01/2022,05/02/2022,SUSP_REA_008
00000000000000248369_00000001320137339019_00060,,,20/01/2022,05/02/2022,SUSP_REA_008
00000000000000248553_00000001320137341421_00010,,,20/01/2022,05/02/2022,SUSP_REA_008
00000000000000248526_00000001320137368540_00049,,,20/01/2022,05/02/2022,SUSP_REA_008
00000000000000343199_00000001334913572172_00278,,,20/01/2022,05/02/2022,SUSP_REA_008
00000000000000248526_00000001320141234627_00114,,,20/01/2022,05/02/2022,SUSP_REA_008
00000000000000342838_00000001334913725888_00137,,,20/01/2022,05/02/2022,SUSP_REA_008
00000000000001174100_00000001440081636876_00223,,,20/01/2022,05/02/2022,SUSP_REA_008
00000000000000249029_00000001320227008549_00049,,,20/01/2022,05/02/2022,SUSP_REA_008
00000000000000249624_00000001320316472716_00124,,,20/01/2022,05/02/2022,SUSP_REA_008
00000000000002345497_00000001552559397823_00009,,,20/01/2022,05/02/2022,SUSP_REA_008
00000000000000249525_00000001320318615229_00073,,,20/01/2022,05/02/2022,SUSP_REA_008
00000000000000249458_00000001320316092817_00049,,,20/01/2022,05/02/2022,SUSP_REA_008
00000000000000249392_00000001320321153928_00059,,,20/01/2022,05/02/2022,SUSP_REA_008
00000000000000249439_00000001320322148665_00112,,,20/01/2022,05/02/2022,SUSP_REA_008
00000000000000785737_00000001394706267102_00067,,,20/01/2022,05/02/2022,SUSP_REA_008
00000000000000785943_00000001394705526114_00082,,,20/01/2022,05/02/2022,SUSP_REA_008
00000000000000249936_00000001320369699715_00200,,,20/01/2022,05/02/2022,SUSP_REA_008
00000000000000921193_00000001413802307289_00009,,,20/01/2022,05/02/2022,SUSP_REA_008
00000000000002639858_00000001580469373780_00232,,,20/01/2022,05/02/2022,SUSP_REA_008
00000000000000251314_00000001320684286232_00364,,,20/01/2022,05/02/2022,SUSP_REA_008
00000000000001711295_00000001492688956542_00060,,,20/01/2022,05/02/2022,SUSP_REA_008
00000000000000251415_00000001320695360924_00272,,,20/01/2022,05/02/2022,SUSP_REA_008
00000000000002086855_00000001528458932505_00183,,,20/01/2022,05/02/2022,SUSP_REA_008
00000000000000251617_00000001320684558450_00104,,,20/01/2022,05/02/2022,SUSP_REA_008
00000000000000324354_00000001332163570116_00118,,,20/01/2022,05/02/2022,SUSP_REA_008
00000000000000324485_00000001332163821687_00242,,,20/01/2022,05/02/2022,SUSP_REA_008
00000000000000251988_00000001320757633564_00150,,,20/01/2022,05/02/2022,SUSP_REA_008
00000000000000252028_00000001320755412209_00039,,,20/01/2022,05/02/2022,SUSP_REA_008
00000000000000467418_00000001352374996194_00686,,,20/01/2022,05/02/2022,SUSP_REA_008
00000000000000467539_00000001352375518376_00324,,,20/01/2022,05/02/2022,SUSP_REA_008
00000000000000252539_00000001320836484389_00237,,,20/01/2022,05/02/2022,SUSP_REA_008
00000000000000252312_00000001320852387550_00246,,,20/01/2022,05/02/2022,SUSP_REA_008
00000000000000252545_00000001320836062561_00209,,,20/01/2022,05/02/2022,SUSP_REA_008
00000000000000260506_00000001322143745061_00104,,,20/01/2022,05/02/2022,SUSP_REA_008
00000000000000253388_00000001320987368683_00066,,,20/01/2022,05/02/2022,SUSP_REA_008
00000000000001638140_00000001486823348642_00079,,,20/01/2022,05/02/2022,SUSP_REA_008
00000000000000273363_00000001324290238621_00038,,,20/01/2022,05/02/2022,SUSP_REA_008
00000000000000316412_00000001331044883169_00119,,,20/01/2022,05/02/2022,SUSP_REA_008
00000000000000256610_00000001321534645020_00054,,,20/01/2022,05/02/2022,SUSP_REA_008
00000000000000254685_00000001321266607502_00074,,,20/01/2022,05/02/2022,SUSP_REA_008
00000000000000256318_00000001321526493270_00064,,,20/01/2022,05/02/2022,SUSP_REA_008
00000000000000262913_00000001322576869536_00065,,,20/01/2022,05/02/2022,SUSP_REA_008
00000000000000263335_00000001322648717683_00112,,,20/01/2022,05/02/2022,SUSP_REA_008
00000000000000950676_00000001417104463153_00275,,,20/01/2022,05/02/2022,SUSP_REA_008
00000000000000369800_00000001338970781117_00059,,,20/01/2022,05/02/2022,SUSP_REA_008
00000000000000255892_00000001321422662493_00227,,,20/01/2022,05/02/2022,SUSP_REA_008
00000000000000342876_00000001334914768354_00040,,,20/01/2022,05/02/2022,SUSP_REA_008
00000000000000256039_00000001321438095557_00002,,,20/01/2022,05/02/2022,SUSP_REA_008
00000000000001304398_00000001453123097305_00013,,,20/01/2022,05/02/2022,SUSP_REA_008
00000000000000256398_00000001321539307797_00188,,,20/01/2022,05/02/2022,SUSP_REA_008
00000000000001333751_00000001456141531729_00042,,,20/01/2022,05/02/2022,SUSP_REA_008
00000000000000256631_00000001321538532226_00243,,,20/01/2022,05/02/2022,SUSP_REA_008
00000000000000256395_00000001321539270861_00112,,,20/01/2022,05/02/2022,SUSP_REA_008
00000000000000256646_00000001321550980867_00138,,,20/01/2022,05/02/2022,SUSP_REA_008
00000000000000256318_00000001321526798114_00079,,,20/01/2022,05/02/2022,SUSP_REA_008
00000000000000256646_00000001321543250701_00106,,,20/01/2022,05/02/2022,SUSP_REA_008
00000000000000256820_00000001321542931276_00059,,,20/01/2022,05/02/2022,SUSP_REA_008
00000000000000256646_00000001321538957967_00076,,,20/01/2022,05/02/2022,SUSP_REA_008
00000000000000257000_00000001321607647886_00163,,,20/01/2022,05/02/2022,SUSP_REA_008
00000000000000257000_00000001321626656445_00283,,,20/01/2022,05/02/2022,SUSP_REA_008
00000000000000257119_00000001321627022513_00317,,,20/01/2022,05/02/2022,SUSP_REA_008
00000000000000257319_00000001321588086209_00021,,,20/01/2022,05/02/2022,SUSP_REA_008
00000000000000257239_00000001321607938052_00190,,,20/01/2022,05/02/2022,SUSP_REA_008
00000000000000316379_00000001331041320531_00220,,,20/01/2022,05/02/2022,SUSP_REA_008
00000000000000256981_00000001321588092755_00094,,,20/01/2022,05/02/2022,SUSP_REA_008
00000000000000257239_00000001321607510670_00142,,,20/01/2022,05/02/2022,SUSP_REA_008
00000000000003078247_00000001621767405903_00041,,,20/01/2022,05/02/2022,SUSP_REA_008
00000000000000259320_00000001321951526572_00001,,,20/01/2022,05/02/2022,SUSP_REA_008
00000000000000259044_00000001321955845942_00033,,,20/01/2022,05/02/2022,SUSP_REA_008
00000000000000259249_00000001321956096836_00142,,,20/01/2022,05/02/2022,SUSP_REA_008
00000000000000259668_00000001322065191325_00229,,,20/01/2022,05/02/2022,SUSP_REA_008
00000000000002210076_00000001539952393675_00001,,,20/01/2022,05/02/2022,SUSP_REA_008
00000000000002471103_00000001564647760901_00038,,,20/01/2022,05/02/2022,SUSP_REA_008
00000000000002655960_00000001581941122016_00025,,,20/01/2022,05/02/2022,SUSP_REA_008
00000000000001787377_00000001500368451054_00003,,,20/01/2022,05/02/2022,SUSP_REA_008
00000000000000266395_00000001323164380477_00071,,,20/01/2022,05/02/2022,SUSP_REA_008
00000000000002409246_00000001558694514036_00323,,,20/01/2022,05/02/2022,SUSP_REA_008
00000000000000635047_00000001375286969283_00189,,,20/01/2022,05/02/2022,SUSP_REA_008
00000000000001119587_00000001434541679728_00018,,,20/01/2022,05/02/2022,SUSP_REA_008
00000000000000262913_00000001322567812831_00018,,,20/01/2022,05/02/2022,SUSP_REA_008
00000000000000711318_00000001385389399721_00103,,,20/01/2022,05/02/2022,SUSP_REA_008
00000000000000711571_00000001385391187514_00129,,,20/01/2022,05/02/2022,SUSP_REA_008
00000000000000263174_00000001322646606612_00291,,,20/01/2022,05/02/2022,SUSP_REA_008
00000000000000263176_00000001322664990988_00211,,,20/01/2022,05/02/2022,SUSP_REA_008
00000000000000263021_00000001322667248281_00169,,,20/01/2022,05/02/2022,SUSP_REA_008
00000000000002485327_00000001565878493249_00146,,,20/01/2022,05/02/2022,SUSP_REA_008
00000000000000263737_00000001322771600052_00303,,,20/01/2022,05/02/2022,SUSP_REA_008
00000000000000264351_00000001322833261939_00153,,,20/01/2022,05/02/2022,SUSP_REA_008
00000000000000264339_00000001322819647668_00028,,,20/01/2022,05/02/2022,SUSP_REA_008
00000000000000329057_00000001332841502498_00133,,,20/01/2022,05/02/2022,SUSP_REA_008
00000000000000329230_00000001332842165930_00033,,,20/01/2022,05/02/2022,SUSP_REA_008
00000000000000265924_00000001323097723740_00177,,,20/01/2022,05/02/2022,SUSP_REA_008
00000000000000266009_00000001323098913181_00109,,,20/01/2022,05/02/2022,SUSP_REA_008
00000000000000399242_00000001343064292903_00195,,,20/01/2022,05/02/2022,SUSP_REA_008
00000000000000267527_00000001323251894081_00108,,,20/01/2022,05/02/2022,SUSP_REA_008
00000000000000400440_00000001343212371554_00122,,,20/01/2022,05/02/2022,SUSP_REA_008
00000000000000270091_00000001323697103336_00105,,,20/01/2022,05/02/2022,SUSP_REA_008
00000000000000932317_00000001415183443679_00057,,,20/01/2022,05/02/2022,SUSP_REA_008
00000000000000270931_00000001323870684621_00068,,,20/01/2022,05/02/2022,SUSP_REA_008
00000000000000386665_00000001341322661679_00218,,,20/01/2022,05/02/2022,SUSP_REA_008
00000000000000707492_00000001384862195508_00169,,,20/01/2022,05/02/2022,SUSP_REA_008
00000000000000271475_00000001323968666795_00162,,,20/01/2022,05/02/2022,SUSP_REA_008
00000000000001870626_00000001508329465132_00061,,,20/01/2022,05/02/2022,SUSP_REA_008
00000000000000271588_00000001323941216933_00086,,,20/01/2022,05/02/2022,SUSP_REA_008
00000000000000271379_00000001323970739673_00176,,,20/01/2022,05/02/2022,SUSP_REA_008
00000000000000272386_00000001324034076850_00036,,,20/01/2022,05/02/2022,SUSP_REA_008
00000000000001011852_00000001423577386369_00019,,,20/01/2022,05/02/2022,SUSP_REA_008
00000000000001896635_00000001510671925291_00012,,,20/01/2022,05/02/2022,SUSP_REA_008
00000000000000271979_00000001324037195665_00274,,,20/01/2022,05/02/2022,SUSP_REA_008
00000000000000273270_00000001324315239510_00107,,,20/01/2022,05/02/2022,SUSP_REA_008
00000000000000287511_00000001326727703952_00059,,,20/01/2022,05/02/2022,SUSP_REA_008
00000000000002022068_00000001522422888827_00724,,,20/01/2022,05/02/2022,SUSP_REA_008
00000000000000274161_00000001324376744810_00013,,,20/01/2022,05/02/2022,SUSP_REA_008
00000000000000511356_00000001358955169678_00289,,,20/01/2022,05/02/2022,SUSP_REA_008
00000000000000548796_00000001363869499368_00177,,,20/01/2022,05/02/2022,SUSP_REA_008
00000000000000580451_00000001367924286408_00221,,,20/01/2022,05/02/2022,SUSP_REA_008
00000000000001411537_00000001464699857861_00253,,,20/01/2022,05/02/2022,SUSP_REA_008
00000000000000274397_00000001324398457972_00027,,,20/01/2022,05/02/2022,SUSP_REA_008
00000000000000353953_00000001336647558263_00009,,,20/01/2022,05/02/2022,SUSP_REA_008
00000000000002035661_00000001523622765437_00412,,,20/01/2022,05/02/2022,SUSP_REA_008
00000000000002456976_00000001563292592459_00118,,,20/01/2022,05/02/2022,SUSP_REA_008
00000000000000280428_00000001325609531204_00231,,,20/01/2022,05/02/2022,SUSP_REA_008
00000000000000280963_00000001325681107662_00029,,,20/01/2022,05/02/2022,SUSP_REA_008
00000000000000281794_00000001325757334201_00027,,,20/01/2022,05/02/2022,SUSP_REA_008
00000000000000394896_00000001342443301031_00162,,,20/01/2022,05/02/2022,SUSP_REA_008
00000000000001227692_00000001445624002315_00345,,,20/01/2022,05/02/2022,SUSP_REA_008
00000000000000313655_00000001330622152070_00216,,,20/01/2022,05/02/2022,SUSP_REA_008
00000000000003111699_00000001625238188992_00263,,,20/01/2022,05/02/2022,SUSP_REA_008
00000000000000282926_00000001325901003293_00023,,,20/01/2022,05/02/2022,SUSP_REA_008
00000000000002619156_00000001578416018548_00135,,,20/01/2022,05/02/2022,SUSP_REA_008
00000000000000282895_00000001325901031766_00032,,,20/01/2022,05/02/2022,SUSP_REA_008
00000000000000724685_00000001386955332574_00005,,,20/01/2022,05/02/2022,SUSP_REA_008
00000000000000282845_00000001325901023581_00021,,,20/01/2022,05/02/2022,SUSP_REA_008
00000000000000284480_00000001326201401662_00066,,,20/01/2022,05/02/2022,SUSP_REA_008
00000000000000282719_00000001325901034730_00064,,,20/01/2022,05/02/2022,SUSP_REA_008
00000000000003057605_00000001619699935507_00156,,,20/01/2022,05/02/2022,SUSP_REA_008
00000000000000284934_00000001326274588866_00027,,,20/01/2022,05/02/2022,SUSP_REA_008
00000000000000289329_00000001326969454130_00077,,,20/01/2022,05/02/2022,SUSP_REA_008
00000000000001567668_00000001480611799178_00261,,,20/01/2022,05/02/2022,SUSP_REA_008
00000000000000292691_00000001327509278546_00023,,,20/01/2022,05/02/2022,SUSP_REA_008
00000000000001868048_00000001508164666357_00075,,,20/01/2022,05/02/2022,SUSP_REA_008
00000000000000286030_00000001326460742293_00210,,,20/01/2022,05/02/2022,SUSP_REA_008
00000000000000287786_00000001326730772492_00051,,,20/01/2022,05/02/2022,SUSP_REA_008
00000000000000864886_00000001405952445283_00157,,,20/01/2022,05/02/2022,SUSP_REA_008
00000000000001179749_00000001440668859133_00123,,,20/01/2022,05/02/2022,SUSP_REA_008
00000000000001214417_00000001444309653796_00223,,,20/01/2022,05/02/2022,SUSP_REA_008
00000000000001174100_00000001440082652066_00241,,,20/01/2022,05/02/2022,SUSP_REA_008
00000000000000288290_00000001326798616067_00052,,,20/01/2022,05/02/2022,SUSP_REA_008
00000000000000948895_00000001416922058813_00140,,,20/01/2022,05/02/2022,SUSP_REA_008
00000000000001067174_00000001429096059426_00023,,,20/01/2022,05/02/2022,SUSP_REA_008
00000000000001336729_00000001456418811329_00472,,,20/01/2022,05/02/2022,SUSP_REA_008
00000000000001336956_00000001456419088835_00224,,,20/01/2022,05/02/2022,SUSP_REA_008
00000000000000676928_00000001380879736012_00001,,,20/01/2022,05/02/2022,SUSP_REA_008
00000000000000567455_00000001366120292213_00139,,,20/01/2022,05/02/2022,SUSP_REA_008
00000000000000567468_00000001366120102027_00179,,,20/01/2022,05/02/2022,SUSP_REA_008
00000000000000289455_00000001326962906479_00022,,,20/01/2022,05/02/2022,SUSP_REA_008
00000000000000289223_00000001326980793652_00027,,,20/01/2022,05/02/2022,SUSP_REA_008
00000000000000289179_00000001326980542903_00098,,,20/01/2022,05/02/2022,SUSP_REA_008
00000000000000289179_00000001326988799168_00141,,,20/01/2022,05/02/2022,SUSP_REA_008
00000000000000289448_00000001326988541210_00144,,,20/01/2022,05/02/2022,SUSP_REA_008
00000000000002658283_00000001582190719670_00014,,,20/01/2022,05/02/2022,SUSP_REA_008
00000000000000289800_00000001327072030206_00092,,,20/01/2022,05/02/2022,SUSP_REA_008
00000000000000290054_00000001327054913453_00057,,,20/01/2022,05/02/2022,SUSP_REA_008
00000000000000290727_00000001327145148229_00008,,,20/01/2022,05/02/2022,SUSP_REA_008
00000000000000289886_00000001327063542771_00192,,,20/01/2022,05/02/2022,SUSP_REA_008
00000000000001606678_00000001484145569205_00095,,,20/01/2022,05/02/2022,SUSP_REA_008
00000000000000290006_00000001327074045943_00276,,,20/01/2022,05/02/2022,SUSP_REA_008
00000000000000292764_00000001327490740343_00050,,,20/01/2022,05/02/2022,SUSP_REA_008
00000000000000291022_00000001327222127016_00073,,,20/01/2022,05/02/2022,SUSP_REA_008
00000000000000348409_00000001335880092268_00066,,,20/01/2022,05/02/2022,SUSP_REA_008
00000000000000348451_00000001335880367499_00264,,,20/01/2022,05/02/2022,SUSP_REA_008
00000000000003079173_00000001621850273722_00609,,,20/01/2022,05/02/2022,SUSP_REA_008
00000000000000291735_00000001327325736485_00032,,,20/01/2022,05/02/2022,SUSP_REA_008
00000000000001154654_00000001438097203930_00186,,,20/01/2022,05/02/2022,SUSP_REA_008
00000000000001562467_00000001480161422438_00085,,,20/01/2022,05/02/2022,SUSP_REA_008
00000000000000318763_00000001331291173495_00048,,,20/01/2022,05/02/2022,SUSP_REA_008
00000000000000638491_00000001375786063541_00091,,,20/01/2022,05/02/2022,SUSP_REA_008
00000000000000291479_00000001327325282678_00038,,,20/01/2022,05/02/2022,SUSP_REA_008
00000000000000692359_00000001383129355357_00124,,,20/01/2022,05/02/2022,SUSP_REA_008
00000000000002626658_00000001579175105919_00040,,,20/01/2022,05/02/2022,SUSP_REA_008
00000000000000399197_00000001343053440703_00083,,,20/01/2022,05/02/2022,SUSP_REA_008
00000000000000291989_00000001327424877906_00198,,,20/01/2022,05/02/2022,SUSP_REA_008
00000000000002544025_00000001571398791024_00168,,,20/01/2022,05/02/2022,SUSP_REA_008
00000000000000292001_00000001327421911467_00212,,,20/01/2022,05/02/2022,SUSP_REA_008
00000000000001501096_00000001474451714299_00056,,,20/01/2022,05/02/2022,SUSP_REA_008
00000000000002406486_00000001558451188689_00091,,,20/01/2022,05/02/2022,SUSP_REA_008
00000000000001084731_00000001430905440028_00046,,,20/01/2022,05/02/2022,SUSP_REA_008
00000000000000292706_00000001327493079235_00100,,,20/01/2022,05/02/2022,SUSP_REA_008
00000000000000293342_00000001327595171023_00212,,,20/01/2022,05/02/2022,SUSP_REA_008
00000000000000382056_00000001340719757905_00288,,,20/01/2022,05/02/2022,SUSP_REA_008
00000000000000294076_00000001327666894184_00202,,,20/01/2022,05/02/2022,SUSP_REA_008
00000000000000294087_00000001327656963996_00005,,,20/01/2022,05/02/2022,SUSP_REA_008
00000000000000295576_00000001327928146176_00133,,,20/01/2022,05/02/2022,SUSP_REA_008
00000000000000295509_00000001327938657698_00115,,,20/01/2022,05/02/2022,SUSP_REA_008
00000000000000874945_00000001407322020023_00070,,,20/01/2022,05/02/2022,SUSP_REA_008
00000000000000295579_00000001327939920003_00092,,,20/01/2022,05/02/2022,SUSP_REA_008
00000000000000394652_00000001342450623564_00214,,,20/01/2022,05/02/2022,SUSP_REA_008
00000000000000394784_00000001342449905358_00178,,,20/01/2022,05/02/2022,SUSP_REA_008
00000000000000295576_00000001327935387889_00164,,,20/01/2022,05/02/2022,SUSP_REA_008
00000000000000295524_00000001327918687305_00004,,,20/01/2022,05/02/2022,SUSP_REA_008
00000000000000295530_00000001327923591796_00170,,,20/01/2022,05/02/2022,SUSP_REA_008
00000000000000295579_00000001327927107723_00033,,,20/01/2022,05/02/2022,SUSP_REA_008
00000000000000814360_00000001398872404147_00263,,,20/01/2022,05/02/2022,SUSP_REA_008
00000000000001987787_00000001519133608045_00015,,,20/01/2022,05/02/2022,SUSP_REA_008
00000000000001291941_00000001452008131273_00198,,,20/01/2022,05/02/2022,SUSP_REA_008
00000000000000296604_00000001328102516786_00053,,,20/01/2022,05/02/2022,SUSP_REA_008
00000000000000963678_00000001418380784462_00012,,,20/01/2022,05/02/2022,SUSP_REA_008
00000000000000548099_00000001363768656411_00069,,,20/01/2022,05/02/2022,SUSP_REA_008
00000000000000296316_00000001328029723907_00131,,,20/01/2022,05/02/2022,SUSP_REA_008
00000000000002044368_00000001524495439841_00172,,,20/01/2022,05/02/2022,SUSP_REA_008
00000000000002515447_00000001568628679762_00024,,,20/01/2022,05/02/2022,SUSP_REA_008
00000000000000297077_00000001328196399333_00272,,,20/01/2022,05/02/2022,SUSP_REA_008
00000000000001161621_00000001438782941827_00182,,,20/01/2022,05/02/2022,SUSP_REA_008
00000000000000295958_00000001328004527507_00137,,,20/01/2022,05/02/2022,SUSP_REA_008
00000000000001454825_00000001469710775374_00476,,,20/01/2022,05/02/2022,SUSP_REA_008
00000000000000296860_00000001328099325238_00008,,,20/01/2022,05/02/2022,SUSP_REA_008
00000000000000666693_00000001379342047898_00294,,,20/01/2022,05/02/2022,SUSP_REA_008
00000000000001161613_00000001438783815082_00206,,,20/01/2022,05/02/2022,SUSP_REA_008
00000000000000296591_00000001328098975768_00092,,,20/01/2022,05/02/2022,SUSP_REA_008
00000000000000296518_00000001328097768662_00039,,,20/01/2022,05/02/2022,SUSP_REA_008
00000000000000870449_00000001406708339019_00015,,,20/01/2022,05/02/2022,SUSP_REA_008
00000000000000912572_00000001412696395741_00147,,,20/01/2022,05/02/2022,SUSP_REA_008
00000000000000296658_00000001328097048873_00076,,,20/01/2022,05/02/2022,SUSP_REA_008
00000000000002409246_00000001558713639269_00385,,,20/01/2022,05/02/2022,SUSP_REA_008
00000000000000296658_00000001328115492456_00310,,,20/01/2022,05/02/2022,SUSP_REA_008
00000000000000962937_00000001418387212659_00054,,,20/01/2022,05/02/2022,SUSP_REA_008
00000000000000296691_00000001328092332559_00158,,,20/01/2022,05/02/2022,SUSP_REA_008
00000000000000296979_00000001328109069058_00003,,,20/01/2022,05/02/2022,SUSP_REA_008
00000000000000297077_00000001328177151584_00151,,,20/01/2022,05/02/2022,SUSP_REA_008
00000000000000955184_00000001417623995190_00012,,,20/01/2022,05/02/2022,SUSP_REA_008
00000000000000861015_00000001405431701089_00251,,,20/01/2022,05/02/2022,SUSP_REA_008
00000000000000296658_00000001328108655841_00169,,,20/01/2022,05/02/2022,SUSP_REA_008
00000000000002034333_00000001523538231490_00080,,,20/01/2022,05/02/2022,SUSP_REA_008
00000000000000296771_00000001328089861701_00051,,,20/01/2022,05/02/2022,SUSP_REA_008
00000000000001161619_00000001438781954288_00092,,,20/01/2022,05/02/2022,SUSP_REA_008
00000000000000297473_00000001328178542722_00037,,,20/01/2022,05/02/2022,SUSP_REA_008
00000000000000297468_00000001328178982633_00006,,,20/01/2022,05/02/2022,SUSP_REA_008
00000000000000955194_00000001417624384671_00097,,,20/01/2022,05/02/2022,SUSP_REA_008
00000000000000296691_00000001328088703865_00126,,,20/01/2022,05/02/2022,SUSP_REA_008
00000000000000296691_00000001328092237330_00152,,,20/01/2022,05/02/2022,SUSP_REA_008
00000000000001162231_00000001438782297888_00109,,,20/01/2022,05/02/2022,SUSP_REA_008
00000000000000296633_00000001328088188542_00237,,,20/01/2022,05/02/2022,SUSP_REA_008
00000000000000945979_00000001416500382352_00042,,,20/01/2022,05/02/2022,SUSP_REA_008
00000000000000962969_00000001418386011134_00259,,,20/01/2022,05/02/2022,SUSP_REA_008
00000000000000584471_00000001368452308904_00208,,,20/01/2022,05/02/2022,SUSP_REA_008
00000000000000486153_00000001355306448286_00161,,,20/01/2022,05/02/2022,SUSP_REA_008
00000000000001987274_00000001519133312778_00085,,,20/01/2022,05/02/2022,SUSP_REA_008
00000000000000296591_00000001328111900737_00162,,,20/01/2022,05/02/2022,SUSP_REA_008
00000000000003069820_00000001620905387375_00276,,,20/01/2022,05/02/2022,SUSP_REA_008
00000000000001606954_00000001484153814352_00044,,,20/01/2022,05/02/2022,SUSP_REA_008
00000000000000507853_00000001358505481840_00251,,,20/01/2022,05/02/2022,SUSP_REA_008
00000000000001661964_00000001488813778839_00121,,,20/01/2022,05/02/2022,SUSP_REA_008
00000000000000296740_00000001328116663393_00257,,,20/01/2022,05/02/2022,SUSP_REA_008
00000000000000666300_00000001379342048025_00511,,,20/01/2022,05/02/2022,SUSP_REA_008
00000000000001098281_00000001432289244551_00073,,,20/01/2022,05/02/2022,SUSP_REA_008
00000000000000296633_00000001328116274639_00263,,,20/01/2022,05/02/2022,SUSP_REA_008
00000000000000296556_00000001328114432695_00177,,,20/01/2022,05/02/2022,SUSP_REA_008
00000000000000584918_00000001368454089251_00207,,,20/01/2022,05/02/2022,SUSP_REA_008
00000000000001578143_00000001481544158660_00066,,,20/01/2022,05/02/2022,SUSP_REA_008
00000000000000296816_00000001328116719235_00181,,,20/01/2022,05/02/2022,SUSP_REA_008
00000000000001161625_00000001438782737145_00159,,,20/01/2022,05/02/2022,SUSP_REA_008
00000000000000584451_00000001368451744318_00214,,,20/01/2022,05/02/2022,SUSP_REA_008
00000000000001161613_00000001438780932598_00179,,,20/01/2022,05/02/2022,SUSP_REA_008
00000000000000296643_00000001328098374791_00147,,,20/01/2022,05/02/2022,SUSP_REA_008
00000000000000530646_00000001361439537966_00002,,,20/01/2022,05/02/2022,SUSP_REA_008
00000000000002180961_00000001536842681270_00096,,,20/01/2022,05/02/2022,SUSP_REA_008
00000000000000297473_00000001328178203660_00025,,,20/01/2022,05/02/2022,SUSP_REA_008
00000000000000963538_00000001418384110827_00011,,,20/01/2022,05/02/2022,SUSP_REA_008
00000000000001663988_00000001488976229601_00060,,,20/01/2022,05/02/2022,SUSP_REA_008
00000000000000296827_00000001328103782356_00061,,,20/01/2022,05/02/2022,SUSP_REA_008
00000000000000918743_00000001413463084261_00113,,,20/01/2022,05/02/2022,SUSP_REA_008
00000000000000297132_00000001328179640940_00202,,,20/01/2022,05/02/2022,SUSP_REA_008
00000000000000883656_00000001408446876259_00202,,,20/01/2022,05/02/2022,SUSP_REA_008
00000000000000405421_00000001343809207700_00152,,,20/01/2022,05/02/2022,SUSP_REA_008
00000000000000876509_00000001407500927624_00149,,,20/01/2022,05/02/2022,SUSP_REA_008
00000000000000296522_00000001328107841030_00024,,,20/01/2022,05/02/2022,SUSP_REA_008
00000000000000296567_00000001328116763049_00128,,,20/01/2022,05/02/2022,SUSP_REA_008
00000000000000296567_00000001328109960206_00001,,,20/01/2022,05/02/2022,SUSP_REA_008
00000000000000297187_00000001328176216618_00036,,,20/01/2022,05/02/2022,SUSP_REA_008
00000000000000955165_00000001417623349636_00253,,,20/01/2022,05/02/2022,SUSP_REA_008
00000000000000296534_00000001328114761437_00223,,,20/01/2022,05/02/2022,SUSP_REA_008
00000000000000297150_00000001328203444989_00491,,,20/01/2022,05/02/2022,SUSP_REA_008
00000000000000512012_00000001358994795525_00001,,,20/01/2022,05/02/2022,SUSP_REA_008
00000000000000297304_00000001328177759296_00249,,,20/01/2022,05/02/2022,SUSP_REA_008
00000000000002600697_00000001576571282596_00030,,,20/01/2022,05/02/2022,SUSP_REA_008
00000000000000762571_00000001391604486075_00066,,,20/01/2022,05/02/2022,SUSP_REA_008
00000000000000297150_00000001328188199829_00343,,,20/01/2022,05/02/2022,SUSP_REA_008
00000000000000297212_00000001328188763363_00122,,,20/01/2022,05/02/2022,SUSP_REA_008
00000000000000297766_00000001328281043164_00221,,,20/01/2022,05/02/2022,SUSP_REA_008
00000000000000297878_00000001328269809948_00103,,,20/01/2022,05/02/2022,SUSP_REA_008
00000000000000298916_00000001328454183031_00190,,,20/01/2022,05/02/2022,SUSP_REA_008
00000000000000298937_00000001328455265902_00144,,,20/01/2022,05/02/2022,SUSP_REA_008
00000000000000299201_00000001328544225258_00164,,,20/01/2022,05/02/2022,SUSP_REA_008
00000000000001475216_00000001471871606878_00039,,,20/01/2022,05/02/2022,SUSP_REA_008
00000000000000760735_00000001391449393337_00167,,,20/01/2022,05/02/2022,SUSP_REA_008
00000000000000301959_00000001328874620420_00136,,,20/01/2022,05/02/2022,SUSP_REA_008
00000000000000545971_00000001363345921689_00012,,,20/01/2022,05/02/2022,SUSP_REA_008
00000000000000299212_00000001328547611044_00156,,,20/01/2022,05/02/2022,SUSP_REA_008
00000000000000348563_00000001335883969888_00049,,,20/01/2022,05/02/2022,SUSP_REA_008
00000000000001421985_00000001465910396661_00080,,,20/01/2022,05/02/2022,SUSP_REA_008
00000000000000299230_00000001328539769318_00248,,,20/01/2022,05/02/2022,SUSP_REA_008
00000000000000299809_00000001328616208422_00006,,,20/01/2022,05/02/2022,SUSP_REA_008
00000000000000299746_00000001328608111490_00001,,,20/01/2022,05/02/2022,SUSP_REA_008
00000000000000299784_00000001328609111794_00036,,,20/01/2022,05/02/2022,SUSP_REA_008
00000000000003079896_00000001621950705705_00145,,,20/01/2022,05/02/2022,SUSP_REA_008
00000000000000299834_00000001328610399483_00149,,,20/01/2022,05/02/2022,SUSP_REA_008
00000000000000299784_00000001328627586365_00095,,,20/01/2022,05/02/2022,SUSP_REA_008
00000000000000300075_00000001328610665086_00024,,,20/01/2022,05/02/2022,SUSP_REA_008
00000000000000299784_00000001328625587314_00069,,,20/01/2022,05/02/2022,SUSP_REA_008
00000000000000300085_00000001328624834744_00198,,,20/01/2022,05/02/2022,SUSP_REA_008
00000000000000299834_00000001328631736589_00279,,,20/01/2022,05/02/2022,SUSP_REA_008
00000000000000299959_00000001328634392120_00344,,,20/01/2022,05/02/2022,SUSP_REA_008
00000000000000299737_00000001328632395132_00201,,,20/01/2022,05/02/2022,SUSP_REA_008
00000000000000300419_00000001328695930449_00037,,,20/01/2022,05/02/2022,SUSP_REA_008
00000000000000299941_00000001328610246970_00018,,,20/01/2022,05/02/2022,SUSP_REA_008
00000000000000299834_00000001328629065500_00248,,,20/01/2022,05/02/2022,SUSP_REA_008
00000000000000299852_00000001328617926131_00014,,,20/01/2022,05/02/2022,SUSP_REA_008
00000000000000300085_00000001328608065122_00026,,,20/01/2022,05/02/2022,SUSP_REA_008
00000000000000299938_00000001328616955175_00111,,,20/01/2022,05/02/2022,SUSP_REA_008
00000000000000316570_00000001331039043610_00049,,,20/01/2022,05/02/2022,SUSP_REA_008
00000000000000300050_00000001328624444078_00156,,,20/01/2022,05/02/2022,SUSP_REA_008
00000000000000308897_00000001329928918053_00236,,,20/01/2022,05/02/2022,SUSP_REA_008
00000000000000300462_00000001328714038161_00174,,,20/01/2022,05/02/2022,SUSP_REA_008
00000000000000303264_00000001329142803582_00215,,,20/01/2022,05/02/2022,SUSP_REA_008
00000000000000308876_00000001329927012473_00295,,,20/01/2022,05/02/2022,SUSP_REA_008
00000000000000300577_00000001328712404927_00124,,,20/01/2022,05/02/2022,SUSP_REA_008
00000000000000300372_00000001328708435216_00106,,,20/01/2022,05/02/2022,SUSP_REA_008
00000000000000300424_00000001328706611038_00200,,,20/01/2022,05/02/2022,SUSP_REA_008
00000000000000300744_00000001328718827531_00249,,,20/01/2022,05/02/2022,SUSP_REA_008
00000000000001209056_00000001443779752719_00067,,,20/01/2022,05/02/2022,SUSP_REA_008
00000000000000300515_00000001328702188863_00105,,,20/01/2022,05/02/2022,SUSP_REA_008
00000000000000300424_00000001328708060075_00212,,,20/01/2022,05/02/2022,SUSP_REA_008
00000000000000300404_00000001328707609855_00379,,,20/01/2022,05/02/2022,SUSP_REA_008
00000000000000300435_00000001328709974809_00259,,,20/01/2022,05/02/2022,SUSP_REA_008
00000000000000300597_00000001328720189236_00085,,,20/01/2022,05/02/2022,SUSP_REA_008
00000000000000333925_00000001333556407146_00096,,,20/01/2022,05/02/2022,SUSP_REA_008
00000000000000300408_00000001328700107459_00102,,,20/01/2022,05/02/2022,SUSP_REA_008
00000000000000300408_00000001328707028578_00234,,,20/01/2022,05/02/2022,SUSP_REA_008
00000000000000397598_00000001342788320803_00176,,,20/01/2022,05/02/2022,SUSP_REA_008
00000000000000502027_00000001357751861215_00227,,,20/01/2022,05/02/2022,SUSP_REA_008
00000000000000300373_00000001328698083205_00020,,,20/01/2022,05/02/2022,SUSP_REA_008
00000000000000300597_00000001328713249396_00041,,,20/01/2022,05/02/2022,SUSP_REA_008
00000000000000300399_00000001328721150439_00278,,,20/01/2022,05/02/2022,SUSP_REA_008
00000000000000300365_00000001328720627979_00113,,,20/01/2022,05/02/2022,SUSP_REA_008
00000000000000309013_00000001329930491687_00267,,,20/01/2022,05/02/2022,SUSP_REA_008
00000000000000301169_00000001328782442397_00075,,,20/01/2022,05/02/2022,SUSP_REA_008
00000000000000301202_00000001328791901156_00025,,,20/01/2022,05/02/2022,SUSP_REA_008
00000000000000301070_00000001328780830814_00078,,,20/01/2022,05/02/2022,SUSP_REA_008
00000000000000301181_00000001328801554905_00271,,,20/01/2022,05/02/2022,SUSP_REA_008
00000000000000301515_00000001328801403713_00001,,,20/01/2022,05/02/2022,SUSP_REA_008
00000000000000301116_00000001328786754651_00174,,,20/01/2022,05/02/2022,SUSP_REA_008
00000000000000301167_00000001328787438835_00070,,,20/01/2022,05/02/2022,SUSP_REA_008
00000000000000301181_00000001328791125565_00172,,,20/01/2022,05/02/2022,SUSP_REA_008
00000000000000301284_00000001328782395008_00093,,,20/01/2022,05/02/2022,SUSP_REA_008
00000000000000301046_00000001328783582064_00030,,,20/01/2022,05/02/2022,SUSP_REA_008
00000000000000301223_00000001328784537893_00136,,,20/01/2022,05/02/2022,SUSP_REA_008
00000000000000301292_00000001328785973591_00195,,,20/01/2022,05/02/2022,SUSP_REA_008
00000000000000301281_00000001328786613903_00011,,,20/01/2022,05/02/2022,SUSP_REA_008
00000000000000301292_00000001328786262179_00204,,,20/01/2022,05/02/2022,SUSP_REA_008
00000000000000301280_00000001328797075662_00166,,,20/01/2022,05/02/2022,SUSP_REA_008
00000000000000303325_00000001329129105293_00014,,,20/01/2022,05/02/2022,SUSP_REA_008
00000000000000301181_00000001328784519390_00131,,,20/01/2022,05/02/2022,SUSP_REA_008
00000000000000301077_00000001328786142358_00062,,,20/01/2022,05/02/2022,SUSP_REA_008
00000000000000301292_00000001328789595132_00217,,,20/01/2022,05/02/2022,SUSP_REA_008
00000000000000301167_00000001328789732355_00138,,,20/01/2022,05/02/2022,SUSP_REA_008
00000000000000301975_00000001328869080363_00001,,,20/01/2022,05/02/2022,SUSP_REA_008
00000000000003088350_00000001622716554852_00068,,,20/01/2022,05/02/2022,SUSP_REA_008
00000000000000301720_00000001328890652184_00300,,,20/01/2022,05/02/2022,SUSP_REA_008
00000000000000301618_00000001328885569593_00319,,,20/01/2022,05/02/2022,SUSP_REA_008
00000000000000309463_00000001329996553669_00146,,,20/01/2022,05/02/2022,SUSP_REA_008
00000000000000301873_00000001328895220733_00122,,,20/01/2022,05/02/2022,SUSP_REA_008
00000000000000306185_00000001329466958433_00040,,,20/01/2022,05/02/2022,SUSP_REA_008
00000000000000305151_00000001329402793623_00144,,,20/01/2022,05/02/2022,SUSP_REA_008
00000000000000303501_00000001329130019860_00030,,,20/01/2022,05/02/2022,SUSP_REA_008
00000000000000305450_00000001329403277449_00154,,,20/01/2022,05/02/2022,SUSP_REA_008
00000000000000303328_00000001329130284426_00098,,,20/01/2022,05/02/2022,SUSP_REA_008
00000000000000305099_00000001329394038401_00065,,,20/01/2022,05/02/2022,SUSP_REA_008
00000000000000305303_00000001329409224584_00239,,,20/01/2022,05/02/2022,SUSP_REA_008
00000000000000303149_00000001329130191406_00090,,,20/01/2022,05/02/2022,SUSP_REA_008
00000000000000350277_00000001336151889306_00011,,,20/01/2022,05/02/2022,SUSP_REA_008
00000000000000350575_00000001336153673695_00249,,,20/01/2022,05/02/2022,SUSP_REA_008
00000000000000305972_00000001329487478514_00268,,,20/01/2022,05/02/2022,SUSP_REA_008
00000000000000306190_00000001329486134214_00183,,,20/01/2022,05/02/2022,SUSP_REA_008
00000000000000309411_00000001329992504615_00096,,,20/01/2022,05/02/2022,SUSP_REA_008
00000000000000305959_00000001329479064738_00193,,,20/01/2022,05/02/2022,SUSP_REA_008
00000000000001352371_00000001458294917977_00032,,,20/01/2022,05/02/2022,SUSP_REA_008
00000000000000303836_00000001329230273245_00091,,,20/01/2022,05/02/2022,SUSP_REA_008
00000000000000303894_00000001329217101014_00025,,,20/01/2022,05/02/2022,SUSP_REA_008
00000000000000306190_00000001329481501480_00155,,,20/01/2022,05/02/2022,SUSP_REA_008
00000000000000305972_00000001329480720627_00159,,,20/01/2022,05/02/2022,SUSP_REA_008
00000000000000306234_00000001329480415954_00072,,,20/01/2022,05/02/2022,SUSP_REA_008
00000000000000305972_00000001329479485130_00150,,,20/01/2022,05/02/2022,SUSP_REA_008
00000000000000305847_00000001329482307355_00381,,,20/01/2022,05/02/2022,SUSP_REA_008
00000000000000305840_00000001329498214409_00210,,,20/01/2022,05/02/2022,SUSP_REA_008
00000000000000305847_00000001329473106871_00216,,,20/01/2022,05/02/2022,SUSP_REA_008
00000000000000304049_00000001329235177692_00334,,,20/01/2022,05/02/2022,SUSP_REA_008
00000000000000330092_00000001332941822058_00096,,,20/01/2022,05/02/2022,SUSP_REA_008
00000000000000393658_00000001342277262821_00128,,,20/01/2022,05/02/2022,SUSP_REA_008
00000000000000305959_00000001329485187380_00205,,,20/01/2022,05/02/2022,SUSP_REA_008
00000000000000305847_00000001329483557890_00387,,,20/01/2022,05/02/2022,SUSP_REA_008
00000000000000306134_00000001329483214405_00101,,,20/01/2022,05/02/2022,SUSP_REA_008
00000000000000306234_00000001329482854281_00121,,,20/01/2022,05/02/2022,SUSP_REA_008
00000000000000306183_00000001329474427199_00024,,,20/01/2022,05/02/2022,SUSP_REA_008
00000000000000305790_00000001329477415971_00132,,,20/01/2022,05/02/2022,SUSP_REA_008
00000000000000307764_00000001329732265414_00131,,,20/01/2022,05/02/2022,SUSP_REA_008
00000000000000306332_00000001329500143096_00184,,,20/01/2022,05/02/2022,SUSP_REA_008
00000000000000757810_00000001391097708279_00199,,,20/01/2022,05/02/2022,SUSP_REA_008
00000000000003081848_00000001622137395476_00160,,,20/01/2022,05/02/2022,SUSP_REA_008
00000000000000304753_00000001329300654934_00058,,,20/01/2022,05/02/2022,SUSP_REA_008
00000000000000304727_00000001329311684822_00039,,,20/01/2022,05/02/2022,SUSP_REA_008
00000000000001312278_00000001453986840617_00110,,,20/01/2022,05/02/2022,SUSP_REA_008
00000000000000304406_00000001329300800552_00123,,,20/01/2022,05/02/2022,SUSP_REA_008
00000000000000307667_00000001329748448636_00249,,,20/01/2022,05/02/2022,SUSP_REA_008
00000000000002344865_00000001552471240665_00008,,,20/01/2022,05/02/2022,SUSP_REA_008
00000000000001805137_00000001502206314812_00175,,,20/01/2022,05/02/2022,SUSP_REA_008
00000000000000304623_00000001329301185374_00006,,,20/01/2022,05/02/2022,SUSP_REA_008
00000000000000304429_00000001329313383801_00251,,,20/01/2022,05/02/2022,SUSP_REA_008
00000000000000307881_00000001329736866903_00063,,,20/01/2022,05/02/2022,SUSP_REA_008
00000000000000304429_00000001329306967885_00085,,,20/01/2022,05/02/2022,SUSP_REA_008
00000000000000307745_00000001329729181187_00065,,,20/01/2022,05/02/2022,SUSP_REA_008
00000000000000844478_00000001403174663052_00113,,,20/01/2022,05/02/2022,SUSP_REA_008
00000000000000308479_00000001329815611151_00040,,,20/01/2022,05/02/2022,SUSP_REA_008
00000000000000539879_00000001362675712004_00190,,,20/01/2022,05/02/2022,SUSP_REA_008
00000000000000308325_00000001329833779425_00209,,,20/01/2022,05/02/2022,SUSP_REA_008
00000000000000309673_00000001329998347594_00170,,,20/01/2022,05/02/2022,SUSP_REA_008
00000000000000309589_00000001329998631766_00046,,,20/01/2022,05/02/2022,SUSP_REA_008
00000000000000309463_00000001329998884440_00176,,,20/01/2022,05/02/2022,SUSP_REA_008
00000000000000760735_00000001391446705178_00081,,,20/01/2022,05/02/2022,SUSP_REA_008
00000000000001019451_00000001424366459111_00191,,,20/01/2022,05/02/2022,SUSP_REA_008
00000000000000425280_00000001346333332024_00204,,,20/01/2022,05/02/2022,SUSP_REA_008
00000000000000308280_00000001329836653998_00200,,,20/01/2022,05/02/2022,SUSP_REA_008
00000000000000305441_00000001329406630736_00324,,,20/01/2022,05/02/2022,SUSP_REA_008
00000000000000334141_00000001333615622280_00042,,,20/01/2022,05/02/2022,SUSP_REA_008
00000000000000325027_00000001332272960730_00306,,,20/01/2022,05/02/2022,SUSP_REA_008
00000000000000308262_00000001329826160356_00258,,,20/01/2022,05/02/2022,SUSP_REA_008
00000000000000308440_00000001329835430573_00281,,,20/01/2022,05/02/2022,SUSP_REA_008
00000000000000308681_00000001329835212600_00104,,,20/01/2022,05/02/2022,SUSP_REA_008
00000000000000308325_00000001329836060127_00266,,,20/01/2022,05/02/2022,SUSP_REA_008
00000000000000305174_00000001329420029255_00591,,,20/01/2022,05/02/2022,SUSP_REA_008
00000000000000315723_00000001330948688312_00046,,,20/01/2022,05/02/2022,SUSP_REA_008
00000000000000308454_00000001329824505152_00159,,,20/01/2022,05/02/2022,SUSP_REA_008
00000000000000320447_00000001331571224989_00094,,,20/01/2022,05/02/2022,SUSP_REA_008
00000000000000306119_00000001329481634917_00132,,,20/01/2022,05/02/2022,SUSP_REA_008
00000000000000306137_00000001329481069098_00142,,,20/01/2022,05/02/2022,SUSP_REA_008
00000000000000306967_00000001329561327236_00057,,,20/01/2022,05/02/2022,SUSP_REA_008
00000000000000320590_00000001331644971567_00104,,,20/01/2022,05/02/2022,SUSP_REA_008
00000000000000311437_00000001330345727519_00168,,,20/01/2022,05/02/2022,SUSP_REA_008
00000000000000311676_00000001330346105772_00069,,,20/01/2022,05/02/2022,SUSP_REA_008
00000000000000307745_00000001329735981950_00090,,,20/01/2022,05/02/2022,SUSP_REA_008
00000000000000307764_00000001329735206937_00141,,,20/01/2022,05/02/2022,SUSP_REA_008
00000000000000308055_00000001329735613949_00040,,,20/01/2022,05/02/2022,SUSP_REA_008
00000000000000308289_00000001329821245178_00149,,,20/01/2022,05/02/2022,SUSP_REA_008
00000000000000530551_00000001361454064389_00124,,,20/01/2022,05/02/2022,SUSP_REA_008
00000000000001227740_00000001445610348543_00385,,,20/01/2022,05/02/2022,SUSP_REA_008
00000000000000307745_00000001329744652320_00244,,,20/01/2022,05/02/2022,SUSP_REA_008
00000000000000307746_00000001329745591292_00283,,,20/01/2022,05/02/2022,SUSP_REA_008
00000000000000317901_00000001331209203867_00085,,,20/01/2022,05/02/2022,SUSP_REA_008
00000000000002113025_00000001530876472071_00068,,,20/01/2022,05/02/2022,SUSP_REA_008
00000000000002113388_00000001530882105194_00446,,,20/01/2022,05/02/2022,SUSP_REA_008
00000000000000308479_00000001329818931104_00069,,,20/01/2022,05/02/2022,SUSP_REA_008
00000000000001273396_00000001450094983045_00044,,,20/01/2022,05/02/2022,SUSP_REA_008
00000000000000309158_00000001329904400449_00033,,,20/01/2022,05/02/2022,SUSP_REA_008
00000000000000308867_00000001329907701550_00196,,,20/01/2022,05/02/2022,SUSP_REA_008
00000000000000341671_00000001334761359444_00158,,,20/01/2022,05/02/2022,SUSP_REA_008
00000000000000342180_00000001334762553554_00031,,,20/01/2022,05/02/2022,SUSP_REA_008
00000000000000309047_00000001329910568788_00091,,,20/01/2022,05/02/2022,SUSP_REA_008
00000000000000308867_00000001329910231247_00259,,,20/01/2022,05/02/2022,SUSP_REA_008
00000000000003068963_00000001620819317453_00423,,,20/01/2022,05/02/2022,SUSP_REA_008
00000000000000309476_00000001330020269458_00356,,,20/01/2022,05/02/2022,SUSP_REA_008
00000000000000310576_00000001330099461293_00129,,,20/01/2022,05/02/2022,SUSP_REA_008
00000000000000329861_00000001332923552886_00149,,,20/01/2022,05/02/2022,SUSP_REA_008
00000000000000309394_00000001330015139365_00188,,,20/01/2022,05/02/2022,SUSP_REA_008
00000000000000309445_00000001330014953804_00271,,,20/01/2022,05/02/2022,SUSP_REA_008
00000000000000769567_00000001392646644834_00068,,,20/01/2022,05/02/2022,SUSP_REA_008
00000000000001805855_00000001502188338324_00088,,,20/01/2022,05/02/2022,SUSP_REA_008
00000000000001542719_00000001478078312538_00030,,,20/01/2022,05/02/2022,SUSP_REA_008
00000000000000309407_00000001330013319214_00310,,,20/01/2022,05/02/2022,SUSP_REA_008
00000000000000344916_00000001335365982148_00573,,,20/01/2022,05/02/2022,SUSP_REA_008
00000000000000317138_00000001331111562358_00035,,,20/01/2022,05/02/2022,SUSP_REA_008
00000000000000313022_00000001330526458318_00261,,,20/01/2022,05/02/2022,SUSP_REA_008
00000000000000314262_00000001330694719163_00161,,,20/01/2022,05/02/2022,SUSP_REA_008
00000000000000400593_00000001343212372443_00107,,,20/01/2022,05/02/2022,SUSP_REA_008
00000000000000310288_00000001330095938989_00201,,,20/01/2022,05/02/2022,SUSP_REA_008
00000000000000314393_00000001330694190250_00098,,,20/01/2022,05/02/2022,SUSP_REA_008
00000000000000317146_00000001331112361669_00004,,,20/01/2022,05/02/2022,SUSP_REA_008
00000000000000316500_00000001331054534721_00197,,,20/01/2022,05/02/2022,SUSP_REA_008
00000000000000310343_00000001330100140905_00316,,,20/01/2022,05/02/2022,SUSP_REA_008
00000000000000310905_00000001330163206924_00004,,,20/01/2022,05/02/2022,SUSP_REA_008
00000000000000310742_00000001330163789255_00119,,,20/01/2022,05/02/2022,SUSP_REA_008
00000000000001771142_00000001498559150211_00076,,,20/01/2022,05/02/2022,SUSP_REA_008
00000000000000311747_00000001330354957977_00071,,,20/01/2022,05/02/2022,SUSP_REA_008
00000000000002405183_00000001558349541275_00059,,,20/01/2022,05/02/2022,SUSP_REA_008
00000000000000311577_00000001330348288366_00105,,,20/01/2022,05/02/2022,SUSP_REA_008
00000000000001143514_00000001436958749030_00029,,,20/01/2022,05/02/2022,SUSP_REA_008
00000000000000311529_00000001330355830527_00101,,,20/01/2022,05/02/2022,SUSP_REA_008
00000000000000371534_00000001339153243556_00001,,,20/01/2022,05/02/2022,SUSP_REA_008
00000000000000311577_00000001330341568012_00076,,,20/01/2022,05/02/2022,SUSP_REA_008
00000000000000313067_00000001330526689508_00110,,,20/01/2022,05/02/2022,SUSP_REA_008
00000000000000312900_00000001330526816866_00203,,,20/01/2022,05/02/2022,SUSP_REA_008
00000000000000313212_00000001330527504898_00083,,,20/01/2022,05/02/2022,SUSP_REA_008
00000000000000313039_00000001330527975430_00330,,,20/01/2022,05/02/2022,SUSP_REA_008
00000000000000312906_00000001330528149444_00266,,,20/01/2022,05/02/2022,SUSP_REA_008
00000000000000312933_00000001330527621310_00125,,,20/01/2022,05/02/2022,SUSP_REA_008
00000000000000313201_00000001330528387274_00135,,,20/01/2022,05/02/2022,SUSP_REA_008
00000000000000312906_00000001330527234740_00254,,,20/01/2022,05/02/2022,SUSP_REA_008
00000000000000312908_00000001330527011683_00135,,,20/01/2022,05/02/2022,SUSP_REA_008
00000000000000312029_00000001330442437621_00050,,,20/01/2022,05/02/2022,SUSP_REA_008
00000000000000319299_00000001331386112487_00255,,,20/01/2022,05/02/2022,SUSP_REA_008
00000000000003076927_00000001621606544824_00317,,,20/01/2022,05/02/2022,SUSP_REA_008
00000000000000330044_00000001332940688578_00084,,,20/01/2022,05/02/2022,SUSP_REA_008
00000000000000312694_00000001330435877397_00057,,,20/01/2022,05/02/2022,SUSP_REA_008
00000000000000400512_00000001343228770548_00439,,,20/01/2022,05/02/2022,SUSP_REA_008
00000000000000373130_00000001339511261189_00177,,,20/01/2022,05/02/2022,SUSP_REA_008
00000000000000739694_00000001389022556246_00286,,,20/01/2022,05/02/2022,SUSP_REA_008
00000000000000999974_00000001422361136601_00073,,,20/01/2022,05/02/2022,SUSP_REA_008
00000000000001000139_00000001422361948140_00003,,,20/01/2022,05/02/2022,SUSP_REA_008
00000000000000881489_00000001408105241756_00292,,,20/01/2022,05/02/2022,SUSP_REA_008
00000000000000889024_00000001409223449971_00264,,,20/01/2022,05/02/2022,SUSP_REA_008
00000000000002859627_00000001600849361473_00060,,,20/01/2022,05/02/2022,SUSP_REA_008
00000000000000313067_00000001330529899876_00116,,,20/01/2022,05/02/2022,SUSP_REA_008
00000000000000317146_00000001331113011026_00013,,,20/01/2022,05/02/2022,SUSP_REA_008
00000000000000317183_00000001331125424699_00030,,,20/01/2022,05/02/2022,SUSP_REA_008
00000000000000990338_00000001421336590764_00106,,,20/01/2022,05/02/2022,SUSP_REA_008
00000000000000313511_00000001330617352819_00146,,,20/01/2022,05/02/2022,SUSP_REA_008
00000000000000313644_00000001330595919411_00230,,,20/01/2022,05/02/2022,SUSP_REA_008
00000000000000313511_00000001330602485354_00051,,,20/01/2022,05/02/2022,SUSP_REA_008
00000000000000313420_00000001330619682709_00272,,,20/01/2022,05/02/2022,SUSP_REA_008
00000000000000313553_00000001330618642438_00284,,,20/01/2022,05/02/2022,SUSP_REA_008
00000000000000313420_00000001330601287066_00091,,,20/01/2022,05/02/2022,SUSP_REA_008
00000000000000313548_00000001330611976222_00236,,,20/01/2022,05/02/2022,SUSP_REA_008
00000000000000320870_00000001331651429806_00196,,,20/01/2022,05/02/2022,SUSP_REA_008
00000000000000313707_00000001330601987814_00073,,,20/01/2022,05/02/2022,SUSP_REA_008
00000000000000313496_00000001330603857812_00028,,,20/01/2022,05/02/2022,SUSP_REA_008
00000000000001103110_00000001432810178263_00161,,,20/01/2022,05/02/2022,SUSP_REA_008
00000000000002242059_00000001542882643183_00020,,,20/01/2022,05/02/2022,SUSP_REA_008
00000000000000313462_00000001330596793863_00082,,,20/01/2022,05/02/2022,SUSP_REA_008
00000000000000313707_00000001330594532150_00038,,,20/01/2022,05/02/2022,SUSP_REA_008
00000000000000313842_00000001330594898598_00001,,,20/01/2022,05/02/2022,SUSP_REA_008
00000000000000313500_00000001330595144966_00281,,,20/01/2022,05/02/2022,SUSP_REA_008
00000000000000569758_00000001366373241003_00084,,,20/01/2022,05/02/2022,SUSP_REA_008
00000000000000313682_00000001330618158662_00123,,,20/01/2022,05/02/2022,SUSP_REA_008
00000000000000313548_00000001330611839641_00230,,,20/01/2022,05/02/2022,SUSP_REA_008
00000000000000313842_00000001330612198214_00113,,,20/01/2022,05/02/2022,SUSP_REA_008
00000000000000313569_00000001330596334170_00105,,,20/01/2022,05/02/2022,SUSP_REA_008
00000000000000313500_00000001330595705581_00294,,,20/01/2022,05/02/2022,SUSP_REA_008
00000000000001002478_00000001422532169844_00007,,,20/01/2022,05/02/2022,SUSP_REA_008
00000000000001811190_00000001502715618295_00098,,,20/01/2022,05/02/2022,SUSP_REA_008
00000000000000314335_00000001330699859586_00152,,,20/01/2022,05/02/2022,SUSP_REA_008
00000000000000314117_00000001330690416468_00028,,,20/01/2022,05/02/2022,SUSP_REA_008
00000000000000400608_00000001343213377653_00303,,,20/01/2022,05/02/2022,SUSP_REA_008
00000000000000400593_00000001343212373976_00113,,,20/01/2022,05/02/2022,SUSP_REA_008
00000000000000325661_00000001332324372197_00070,,,20/01/2022,05/02/2022,SUSP_REA_008
00000000000000909058_00000001412080587675_00566,,,20/01/2022,05/02/2022,SUSP_REA_008
00000000000000315720_00000001330942880327_00076,,,20/01/2022,05/02/2022,SUSP_REA_008
00000000000000315791_00000001330942689084_00001,,,20/01/2022,05/02/2022,SUSP_REA_008
00000000000000510199_00000001358766599139_00034,,,20/01/2022,05/02/2022,SUSP_REA_008
00000000000000315673_00000001330956415261_00080,,,20/01/2022,05/02/2022,SUSP_REA_008
00000000000000315626_00000001330965035693_00176,,,20/01/2022,05/02/2022,SUSP_REA_008
00000000000000440264_00000001348240614673_00265,,,20/01/2022,05/02/2022,SUSP_REA_008
00000000000000315673_00000001330954248236_00070,,,20/01/2022,05/02/2022,SUSP_REA_008
00000000000000316623_00000001331049681577_00212,,,20/01/2022,05/02/2022,SUSP_REA_008
00000000000000375037_00000001339686443490_00063,,,20/01/2022,05/02/2022,SUSP_REA_008
00000000000000316538_00000001331020591072_00001,,,20/01/2022,05/02/2022,SUSP_REA_008
00000000000000316223_00000001331025075791_00128,,,20/01/2022,05/02/2022,SUSP_REA_008
00000000000003033241_00000001617092747713_00022,,,20/01/2022,05/02/2022,SUSP_REA_008
00000000000000317146_00000001331136175544_00057,,,20/01/2022,05/02/2022,SUSP_REA_008
00000000000000377095_00000001340032795012_00258,,,20/01/2022,05/02/2022,SUSP_REA_008
00000000000001227820_00000001445610590846_00370,,,20/01/2022,05/02/2022,SUSP_REA_008
00000000000000317138_00000001331109527503_00023,,,20/01/2022,05/02/2022,SUSP_REA_008
00000000000000317183_00000001331109668644_00006,,,20/01/2022,05/02/2022,SUSP_REA_008
00000000000000317390_00000001331136583406_00092,,,20/01/2022,05/02/2022,SUSP_REA_008
00000000000000377035_00000001340033807915_00209,,,20/01/2022,05/02/2022,SUSP_REA_008
00000000000001227837_00000001445613391641_00389,,,20/01/2022,05/02/2022,SUSP_REA_008
00000000000000317526_00000001331132107341_00132,,,20/01/2022,05/02/2022,SUSP_REA_008
00000000000001176630_00000001440411392622_00023,,,20/01/2022,05/02/2022,SUSP_REA_008
00000000000001311285_00000001453893819582_00104,,,20/01/2022,05/02/2022,SUSP_REA_008
00000000000000317111_00000001331135512042_00186,,,20/01/2022,05/02/2022,SUSP_REA_008
00000000000000317130_00000001331137054121_00020,,,20/01/2022,05/02/2022,SUSP_REA_008
00000000000000426770_00000001346502508272_00234,,,20/01/2022,05/02/2022,SUSP_REA_008
00000000000002884806_00000001602856320469_00444,,,20/01/2022,05/02/2022,SUSP_REA_008
00000000000000343191_00000001334909992364_00108,,,20/01/2022,05/02/2022,SUSP_REA_008
00000000000000324943_00000001332244387952_00153,,,20/01/2022,05/02/2022,SUSP_REA_008
00000000000000317973_00000001331213268045_00186,,,20/01/2022,05/02/2022,SUSP_REA_008
00000000000002896851_00000001603801765507_00237,,,20/01/2022,05/02/2022,SUSP_REA_008
00000000000000319975_00000001331545830364_00029,,,20/01/2022,05/02/2022,SUSP_REA_008
00000000000000320075_00000001331545933339_00003,,,20/01/2022,05/02/2022,SUSP_REA_008
00000000000000321685_00000001331727252650_00161,,,20/01/2022,05/02/2022,SUSP_REA_008
00000000000000570966_00000001366633950421_00207,,,20/01/2022,05/02/2022,SUSP_REA_008
00000000000000318499_00000001331316742496_00248,,,20/01/2022,05/02/2022,SUSP_REA_008
00000000000000373815_00000001339602309403_00256,,,20/01/2022,05/02/2022,SUSP_REA_008
00000000000000318484_00000001331294400698_00307,,,20/01/2022,05/02/2022,SUSP_REA_008
