Order Type,Order Owner,Sky Reference Number,Subpremises,Property Name,Property Number,Street,Town,Postcode,Earliest Install Date,AmPmPreference,Directory Number,Appointment Contact Name,Appointment Contact Number,Hazard Notes,Special Arrangements,Emergency Services Forename,Emergency Services Surname,Directory Entry Type,Business Name,Service Id,Migration Date,MAC Code,AvilableProduct,line Speed,Address Key,Outlet Status,Response Date Time
Initial Order,SKYWIFI,180578300037,,Greggs,124,Fore Street,Edmonton,N18 2XA,10/02/2014 09:00,PM,,Gillian Dakers,1912127642,N/A,"This is for Greggs. Please install a new line into the Manager's Office, close to available Power Sockets. Please label new PSTN Socket clearly. Sky Contact: Andrew Taylor 01727 421 815.",Gillian,Dakers,1912127642,,,,,,,,,
Initial Order,SKYWIFI,180578300045,,Greggs,22C,The Centre,Feltham,TW13 4AU,10/02/2014 09:00,PM,,Gillian Dakers,1912127642,N/A,"This is for Greggs. Please install a new line into the Manager's Office, close to available Power Sockets. Please label new PSTN Socket clearly. Sky Contact: Andrew Taylor 01727 421 815.",Gillian,Dakers,1912127642,,,,,,,,,
Initial Order,SKYWIFI,180578301746,,Greggs,18,"18, The Pavement",York,YO1 2ND,10/02/2014 09:00,PM,,Gillian Dakers,1912127642,N/A,"This is for Greggs. Please install a new line into the Manager's Office, close to available Power Sockets. Please label new PSTN Socket clearly. Sky Contact: Andrew Taylor 01727 421 815.",Gillian,Dakers,1912127642,,,,,,,,,
Initial Order,SKYWIFI,180578300199,,Greggs,Unit 20,37 Ankerside Shopping Centre,Tamworth,B79 7LG,10/02/2014 09:00,PM,,Gillian Dakers,1912127642,N/A,"This is for Greggs. Please install a new line into the Manager's Office, close to available Power Sockets. Please label new PSTN Socket clearly. Sky Contact: Andrew Taylor 01727 421 815.",Gillian,Dakers,1912127642,,,,,,,,,
Initial Order,SKYWIFI,180578300263,,Greggs,113,Station Road,Port Talbot,SA13 1NR,10/02/2014 09:00,PM,,Gillian Dakers,1912127642,N/A,"This is for Greggs. Please install a new line into the Manager's Office, close to available Power Sockets. Please label new PSTN Socket clearly. Sky Contact: Andrew Taylor 01727 421 815.",Gillian,Dakers,1912127642,,,,,,,,,
Initial Order,SKYWIFI,180578301747,,Greggs,11,Market Hill,Sudbury,CO10 6EA,10/02/2014 09:00,PM,,Gillian Dakers,1912127642,N/A,"This is for Greggs. Please install a new line into the Manager's Office, close to available Power Sockets. Please label new PSTN Socket clearly. Sky Contact: Andrew Taylor 01727 421 815.",Gillian,Dakers,1912127642,,,,,,,,,
Initial Order,SKYWIFI,180578301748,,Greggs,1,Central Square 13 Wood Street,Cardiff,CF1 1EN,10/02/2014 09:00,PM,,Gillian Dakers,1912127642,N/A,"This is for Greggs. Please install a new line into the Manager's Office, close to available Power Sockets. Please label new PSTN Socket clearly. Sky Contact: Andrew Taylor 01727 421 815.",Gillian,Dakers,1912127642,,,,,,,,,
Initial Order,SKYWIFI,180578300337,,Greggs,54-56,Town Square,Basildon,SS14 1DT,10/02/2014 09:00,PM,,Gillian Dakers,1912127642,N/A,"This is for Greggs. Please install a new line into the Manager's Office, close to available Power Sockets. Please label new PSTN Socket clearly. Sky Contact: Andrew Taylor 01727 421 815.",Gillian,Dakers,1912127642,,,,,,,,,
Initial Order,SKYWIFI,180578300722,,Greggs,67,High Sreet,Redcar,TS10 3DD,10/02/2014 09:00,PM,,Gillian Dakers,1912127642,N/A,"This is for Greggs. Please install a new line into the Manager's Office, close to available Power Sockets. Please label new PSTN Socket clearly. Sky Contact: Andrew Taylor 01727 421 815.",Gillian,Dakers,1912127642,,,,,,,,,
Initial Order,SKYWIFI,180578300976,,Greggs,4,Queensbury Street,Dumfries,DG1 1EX,10/02/2014 09:00,PM,,Gillian Dakers,1912127642,N/A,"This is for Greggs. Please install a new line into the Manager's Office, close to available Power Sockets. Please label new PSTN Socket clearly. Sky Contact: Andrew Taylor 01727 421 815.",Gillian,Dakers,1912127642,,,,,,,,,
Initial Order,SKYWIFI,180578301209,,Greggs,Unit 9,Anglesea Centre 79 New Road,Gravesend,DA11 0AF,10/02/2014 09:00,PM,,Gillian Dakers,1912127642,N/A,"This is for Greggs. Please install a new line into the Manager's Office, close to available Power Sockets. Please label new PSTN Socket clearly. Sky Contact: Andrew Taylor 01727 421 815.",Gillian,Dakers,1912127642,,,,,,,,,
Initial Order,SKYWIFI,180578301249,,Greggs,6,Parkwood Parade,Maidstone,ME15 9HL,10/02/2014 09:00,PM, ,Gillian Dakers,1912127642,N/A,"This is for Greggs. Please install a new line into the Manager's Office, close to available Power Sockets. Please label new PSTN Socket clearly. Sky Contact: Andrew Taylor 01727 421 815.",Gillian,Dakers,1912127642,,,,,,,,,
Initial Order,SKYWIFI,180578301374,,Greggs,Unit 9,Aberfan Shopping Centre,Port Talbot,SA13 1PB,10/02/2014 09:00,PM,,Gillian Dakers,1912127642,N/A,"This is for Greggs. Please install a new line into the Manager's Office, close to available Power Sockets. Please label new PSTN Socket clearly. Sky Contact: Andrew Taylor 01727 421 815.",Gillian,Dakers,1912127642,,,,,,,,,
Initial Order,SKYWIFI,180578301445,,Greggs,89,King Street,Twickenham,TW1 3SN,10/02/2014 09:00,PM,,Gillian Dakers,1912127642,N/A,"This is for Greggs. Please install a new line into the Manager's Office, close to available Power Sockets. Please label new PSTN Socket clearly. Sky Contact: Andrew Taylor 01727 421 815.",Gillian,Dakers,1912127642,,,,,,,,,
Initial Order,SKYWIFI,180578300384,,Greggs,81,High Street,Rayleigh,SS6 7EJ,10/02/2014 09:00,PM,,Gillian Dakers,1912127642,N/A,"This is for Greggs. Please install a new line into the Manager's Office, close to available Power Sockets. Please label new PSTN Socket clearly. Sky Contact: Andrew Taylor 01727 421 815.",Gillian,Dakers,1912127642,,,,,,,,,
Initial Order,SKYWIFI,180578301367,,Greggs,Unit 1,Bethell Square Shopping Centre,Brecon,LD3 7JP,10/02/2014 09:00,PM,,Gillian Dakers,1912127642,N/A,"This is for Greggs. Please install a new line into the Manager's Office, close to available Power Sockets. Please label new PSTN Socket clearly. Sky Contact: Andrew Taylor 01727 421 815.",Gillian,Dakers,1912127642,,,,,,,,,
