Order Type,Order Owner,Sky Reference Number,Subpremises,Property Name,Property Number,Street,Town,Postcode,Earliest Install Date,AmPmPreference,Directory Number,Appointment Contact Name,Appointment Contact Number,Hazard Notes,Special Arrangements,Emergency Services Forename,Emergency Services Surname,Directory Entry Type,Business Name,Service Id,Migration Date,MAC Code,AvilableProduct,line Speed,Address Key,Outlet Status,Response Date Time
Initial Order,SKYWIFI,100046900032,,Bacchus,42-48,High bridge,Newcastle Upon Tyne,NE1 6BX,2014-01-20T00:00:00,pm,,Pub Manager,01912611008,N/A,It is a pub part of the Sir John Fitzgerald Group. Install line behind the bar near a power socket. If any questions regarding install or access issues contact Melissa on 01727421872,Andy,Hickson,0191 261 1008,,,,,,,,,
Initial Order,SKYWIFI,100046900010,,Bodega,125,Westgate Road,Newcastle Upon Tyne,NE1 4AG,2014-01-20T00:00:00,pm,,Pub Manager,01912211552,N/A,It is a pub part of the Sir John Fitzgerald Group. Install line behind the bar near a power socket. If any questions regarding install or access issues contact Melissa on 01727421872,Ben,Rea,0191221 1552,,,,,,,,,
Initial Order,SKYWIFI,100046900029,,Briar Dene,71,The Links,Whitley Bay,NE26 1UE,2014-01-20T00:00:00,pm,,Pub Manager,01912520926,N/A,It is a pub part of the Sir John Fitzgerald Group. Install line behind the bar near a power socket. If any questions regarding install or access issues contact Melissa on 01727421872,Bob,Jackson,0191 252 0926,,,,,,,,,
Initial Order,SKYWIFI,100046900025,,Bridge,,Castle Square,Newcastle Upon Tyne,NE1 1RQ,2014-01-20T00:00:00,pm,,Pub Manager,01912326400,N/A,It is a pub part of the Sir John Fitzgerald Group. Install line behind the bar near a power socket. If any questions regarding install or access issues contact Melissa on 01727421872,Derek,Raisebeck,0191 232 6400,,,,,,,,,
Initial Order,SKYWIFI,100046900031,,Caf� Royal,8,Nelson Street,Newcastle Upon Tyne,NE1 5AW,2014-01-20T00:00:00,pm,,Pub Manager,01912313000,N/A,It is a pub part of the Sir John Fitzgerald Group. Install line behind the bar near a power socket. If any questions regarding install or access issues contact Melissa on 01727421872,Sophie,Allinson,0191 231 3000,,,,,,,,,
Initial Order,SKYWIFI,100046900011,,Chilligham,,Chillingham Road ,Newcastle Upon Tyne,NE6 5XN,2014-01-20T00:00:00,pm,,Pub Manager,01912653992,N/A,It is a pub part of the Sir John Fitzgerald Group. Install line behind the bar near a power socket. If any questions regarding install or access issues contact Melissa on 01727421872,Micheal,Conroy,0191 265 992,,,,,,,,,
Initial Order,SKYWIFI,100046900036,,Crown Posada,31,The Side,Newcastle Upon Tyne,NE1 3JE,2014-01-20T00:00:00,pm,,Pub Manager,01912321269,N/A,It is a pub part of the Sir John Fitzgerald Group. Install line behind the bar near a power socket. If any questions regarding install or access issues contact Melissa on 01727421872,Andrew,Nicholson,0191 232 1269,,,,,,,,,
Initial Order,SKYWIFI,100046900034,,Fitzgerald's,60,Grey Street,Newcastle Upon Tyne,NE1 6AF,2014-01-20T00:00:00,pm,,Pub Manager,01912301350,N/A,It is a pub part of the Sir John Fitzgerald Group. Install line behind the bar near a power socket. If any questions regarding install or access issues contact Melissa on 01727421872,Mark,Crosier,0191 230 1350 ,,,,,,,,,
Initial Order,SKYWIFI,100046900017,,Fitzgerald's,12,Green Terrace,Sunderland,SR1 3PZ,2014-01-20T00:00:00,pm,,Pub Manager,01915670652,N/A,It is a pub part of the Sir John Fitzgerald Group. Install line behind the bar near a power socket. If any questions regarding install or access issues contact Melissa on 01727421872,Matt,Aldis,0191 567 0652,,,,,,,,,
Initial Order,SKYWIFI,100046900021,,Fitzgerald's,2,South Parade,Whitley Bay,NE26 2RG,2014-01-20T00:00:00,pm,,Pub Manager,01912511255,N/A,It is a pub part of the Sir John Fitzgerald Group. Install line behind the bar near a power socket. If any questions regarding install or access issues contact Melissa on 01727421872,David,Anderson,0191 251 1255,,,,,,,,,
Initial Order,SKYWIFI,100046900008,,Green,,White Mare Pool,Gateshead,NE10 8YB,2014-01-20T00:00:00,pm,,Pub Manager,01914950171,N/A,It is a pub part of the Sir John Fitzgerald Group. Install line behind the bar near a power socket. If any questions regarding install or access issues contact Melissa on 01727421872,Sean,Schofield,0191 495 0171,,,,,,,,,
Initial Order,SKYWIFI,100046900023,,Hugo's,29,Front Street,Tynemouth,NE30 4DZ,2014-01-20T00:00:00,pm,,Pub Manager,01912578956,N/A,It is a pub part of the Sir John Fitzgerald Group. Install line behind the bar near a power socket. If any questions regarding install or access issues contact Melissa on 01727421872,Phil,Hall,0191 257 8956,,,,,,,,,
Initial Order,SKYWIFI,100046900018,,Joiner's Arms,,Wansbeck Street ,Morpeth,NE61 1XZ,2014-01-20T00:00:00,pm,,Pub Manager,01670513540,N/A,It is a pub part of the Sir John Fitzgerald Group. Install line behind the bar near a power socket. If any questions regarding install or access issues contact Melissa on 01727421872,George,Hall,01670 513 540,,,,,,,,,
Initial Order,SKYWIFI,100046900028,,Manor House,,High Lane ,Middlesborough,TS8 0BN,2014-01-20T00:00:00,pm,,Pub Manager,01642764153,N/A,It is a pub part of the Sir John Fitzgerald Group. Install line behind the bar near a power socket. If any questions regarding install or access issues contact Melissa on 01727421872,Jason,Milburn,01642 764 153,,,,,,,,,
Initial Order,SKYWIFI,100046900020,,New Bridge,2 to 4,Argyle Street,Newcastle Upon Tyne,NE1 6PF,2014-01-20T00:00:00,pm,,Pub Manager,01912321020,N/A,It is a pub part of the Sir John Fitzgerald Group. Install line behind the bar near a power socket. If any questions regarding install or access issues contact Melissa on 01727421872,Jill,Neary,0191 232 1020,,,,,,,,,
Initial Order,SKYWIFI,100046900037,,Pavillion,,Hotspur North ,Newcastle Upon Tyne,NE27 0FG,2014-01-20T00:00:00,pm,,Pub Manager,01912680711,N/A,It is a pub part of the Sir John Fitzgerald Group. Install line behind the bar near a power socket. If any questions regarding install or access issues contact Melissa on 01727421872,Karen,Kirtley,0191 268 0711,,,,,,,,,
Initial Order,SKYWIFI,100046900015,,Plough,,Village Square ,Cramlington,NE23 1DN,2014-01-20T00:00:00,pm,,Pub Manager,01670737633,N/A,It is a pub part of the Sir John Fitzgerald Group. Install line behind the bar near a power socket. If any questions regarding install or access issues contact Melissa on 01727421872,Alex,Chandler,01670 737 633,,,,,,,,,
Initial Order,SKYWIFI,100046900035,,Ridley Arms,,Stannington,Morpeth,NE61 6EL,2014-01-20T00:00:00,pm,,Pub Manager,01670789216,N/A,It is a pub part of the Sir John Fitzgerald Group. Install line behind the bar near a power socket. If any questions regarding install or access issues contact Melissa on 01727421872,Claire,Potts,01670 789 216,,,,,,,,,
Initial Order,SKYWIFI,100046900013,,Rockliffe Arms,,Algernon Place ,Whitley Bay,NE26 2DT,2014-01-20T00:00:00,pm,,Pub Manager,01912531299,N/A,It is a pub part of the Sir John Fitzgerald Group. Install line behind the bar near a power socket. If any questions regarding install or access issues contact Melissa on 01727421872,Lawrrence,Miller,0191 253 1299,,,,,,,,,
Initial Order,SKYWIFI,100046900030,,Shiremoor Farm,,Middle Engine Lane,North Shields,NE29 8DZ,2014-01-20T00:00:00,pm,,Pub Manager,01912576302,N/A,It is a pub part of the Sir John Fitzgerald Group. Install line behind the bar near a power socket. If any questions regarding install or access issues contact Melissa on 01727421872,Bill,Kerridge,0191 257 6302,,,,,,,,,
Initial Order,SKYWIFI,100046900033,,Twin Farms,22,Main Road,Newcastle Upon Tyne,NE13 8AB,2014-01-20T00:00:00,pm,,Pub Manager,01912861263,N/A,It is a pub part of the Sir John Fitzgerald Group. Install line behind the bar near a power socket. If any questions regarding install or access issues contact Melissa on 01727421872,Naomi,Jewell,0191 286 1263,,,,,,,,,
