Order Type,Order Owner,Sky Reference Number,Subpremises,Property Name,Property Number,Street,Town,Postcode,Earliest Install Date,AmPmPreference,Directory Number,Appointment Contact Name,Appointment Contact Number,Hazard Notes,Special Arrangements,Emergency Services Forename,Emergency Services Surname,Directory Entry Type,Business Name,Service Id,Migration Date,MAC Code,AvilableProduct,line Speed,Address Key,Outlet Status,Response Date Time
Follow On Order,SKYWIFI,181275000106,,Zizzi,,"Riverside House, Unit 4 Southwark Bridge Road",London,SE1 9HA,12-Dec,Am,2074017407,Store Manager,2074017407,,,,,,,,,,,,,,
Follow On Order,SKYWIFI,181275000113,,Zizzi,,110/116 Wigmore Street,London,W1U 3RS,12-Dec,Am,2079352336,Store Manager,2079352336,,,,,,,,,,,,,,
Follow On Order,SKYWIFI,181275000062,,Zizzi,,Zizzi South Road,Haywards Heath,RH16 4LU,12-Dec,Am,1444457567,Store Manager,1444457567,,,,,,,,,,,,,,
Follow On Order,SKYWIFI,181275000110,,Zizzi,,7-8 Prince Albert Street,Brighton,BN1 1HE,12-Dec,Am,1273323273,Store Manager,1273323273,,,,,,,,,,,,,,
Follow On Order,SKYWIFI,181275000033,,Zizzi,,26 High Street,St. Albans,AL3 4EL,12-Dec,Am,1727850200,Store Manager,1727850200,,,,,,,,,,,,,,
Follow On Order,SKYWIFI,181275000083,,Zizzi,,Unit 13 King Street,Watford,WD17 2EN,12-Dec,Am,1923221733,Store Manager,1923221733,,,,,,,,,,,,,,
Follow On Order,SKYWIFI,181275000104,,Zizzi,,274 High Street,Guildford,GU1 3JL,12-Dec,Am,1483534747,Store Manager,1483506202,,,,,,,,,,,,,,
Follow On Order,SKYWIFI,181275000082,,Zizzi,,Unit 5-7 The Brewery,Romford,RM1 1AU,12-Dec,Am,1708730060,Store Manager,1708730060,,,,,,,,,,,,,,
Follow On Order,SKYWIFI,181275000105,,Zizzi,,Union Square Shopping Centre Guild Square,Aberdeen,AB11 5RG,12-Dec,Am,1224593173,Store Manager,1224593173,,,,,,,,,,,,,,
Follow On Order,SKYWIFI,181275000076,,Zizzi,,20 Bridge Street,Inverness,IV1 1HD,12-Dec,Am,1463237735,Store Manager,1463237735,,,,,,,,,,,,,,
Follow On Order,SKYWIFI,181275000079,,Zizzi,,8 Cresswell Lane,Glasgow,G12 8AA,12-Dec,Am,1413348258,Store Manager,1413348258,,,,,,,,,,,,,,
Follow On Order,SKYWIFI,181275000090,,Zizzi,,Unit 8 Mermaid Quay,Cardiff,CF10 5BZ,12-Dec,Am,2920462232,Store Manager,2920462232,,,,,,,,,,,,,,
Follow On Order,SKYWIFI,181275000112,,Zizzi,,59 George Street,Oxford,OX1 2BE,12-Dec,Am,1865202717,Store Manager,1865202993,,,,,,,,,,,,,,
Follow On Order,SKYWIFI,181275000075,,Zizzi,,"Regent Square House, Unit 6 and 7 Parade",Leamington Spa,CV32 4NL,12-Dec,Am,1926432245,Store Manager,1926432532,,,,,,,,,,,,,,
Follow On Order,SKYWIFI,181275000085,,Zizzi,,Magdalene House Magdalene Street,Taunton,TA1 1SB,12-Dec,Am,1823333231,Store Manager,1823333110,,,,,,,,,,,,,,
Follow On Order,SKYWIFI,181275000087,,Zizzi,,84b Glass House,Bristol,BS1 3BX,12-Dec,Am,1179291109,Store Manager,1179291066,,,,,,,,,,,,,,
Follow On Order,SKYWIFI,181275000089,,Zizzi,,"Maritime House, 1 Discovery Quay",Falmouth,TR11 3XA,12-Dec,Am,1326313773,Store Manager,1326313773,,,,,,,,,,,,,,
Follow On Order,SKYWIFI,181275000114,,Zizzi,,57-59 South End,Croydon,CR0 1BF,12-Dec,Am,2086498392,Store Manager,2086498403,,,,,,,,,,,,,,
Follow On Order,SKYWIFI,181275000117,,Zizzi,,20 Bow Street,London,WC2E 7AW,12-Dec,Am,2073795165,Store Manager,2078366101,,,,,,,,,,,,,,
Follow On Order,SKYWIFI,181275000074,,Zizzi,,183 High Street,Birmingham,B17 9QE,12-Dec,Am,1214282412,Store Manager,1214284228,,,,,,,,,,,,,,
Follow On Order,SKYWIFI,181275000081,,Zizzi,,"The Triangle, Unit A8 Hanging Ditch",Manchester,M4 3TR,12-Dec,Am,1618340186,Store Manager,1618349395,,,,,,,,,,,,,,
Follow On Order,SKYWIFI,181275000086,,Zizzi,,Unit P8 14 Paradise Street,Liverpool,L1 8JF,12-Dec,Am,1517076015,Store Manager,1517078115,,,,,,,,,,,,,,
Follow On Order,SKYWIFI,181275000088,,Zizzi,,700 Wilmslow Road,Manchester,M20 2DN,12-Dec,Am,1614345928,Store Manager,1614345923,,,,,,,,,,,,,,
Follow On Order,SKYWIFI,181275000068,,Zizzi,,41-43 Station Lane,Hornchurch,RM12 6JT,12-Dec,Am,1708448939,Store Manager,1708444740,,,,,,,,,,,,,,
Follow On Order,SKYWIFI,181275000069,,Zizzi,,12 Headgate,Colchester,CO3 3BT,12-Dec,Am,1206576204,Store Manager,1206576816,,,,,,,,,,,,,,
Follow On Order,SKYWIFI,181275000084,,Zizzi,,198 George Lane South,London,E18 2QL,12-Dec,Am,2089891104,Store Manager,2089891001,,,,,,,,,,,,,,
Follow On Order,SKYWIFI,181275000078,,Zizzi,,"The Square, Unit 5 Richmond Hill",Bournemouth,BH2 6HE,12-Dec,Am,1202299165,Store Manager,1202299010,,,,,,,,,,,,,,
Follow On Order,SKYWIFI,181275000073,,Zizzi,,57 High Street,Winchester,SO23 9BL,12-Dec,Am,1962841825,Store Manager,1962841814,,,,,,,,,,,,,,
Follow On Order,SKYWIFI,181275000064,,Zizzi,,Unit 2B Savoy Crescent,Milton Keynes,MK9 3PU,12-Dec,Am,1908540156,Store Manager,1908540222,,,,,,,,,,,,,,
Follow On Order,SKYWIFI,181275000065,,Zizzi,,25 Tombland,Norwich,NR3 1RF,12-Dec,Am,1603764817,Store Manager,1603765767,,,,,,,,,,,,,,
Follow On Order,SKYWIFI,181275000067,,Zizzi,,47-53 Regent Street,Cambridge,CB2 1AB,12-Dec,Am,1223364870,Store Manager,1223365599,,,,,,,,,,,,,,
Follow On Order,SKYWIFI,181275000070,,Zizzi,,21 Sun Street,Hitchin,SG5 1AH,12-Dec,Am,1462433293,Store Manager,1462440708,,,,,,,,,,,,,,
Follow On Order,SKYWIFI,181275000072,,Zizzi,,14 Market Square,Bishop's Stortford,CM23 3UU,12-Dec,Am,1279659343,Store Manager,1279656323,,,,,,,,,,,,,,
Follow On Order,SKYWIFI,181275000127,,Zizzi,,235 Chiswick High Road,London,W4 4PU,12-Dec,Am,2087479866,Store Manager,2087479866,,,,,,,,,,,,,,
Follow On Order,SKYWIFI,181275000128,,Zizzi,,4-5 King Street,Richmond,TW9 1ND,12-Dec,Am,2083326695,Store Manager,2083326695,,,,,,,,,,,,,,
Follow On Order,SKYWIFI,181275000129,,Zizzi,,194-196 Earls Court Road,London,SW5 9QF,12-Dec,Am,2073730142,Store Manager,2073730142,,,,,,,,,,,,,,
Follow On Order,SKYWIFI,181275000130,,Zizzi,,1 Hampstead Lane,London,N6 4RS,12-Dec,Am,2083470091,Store Manager,2083470091,,,,,,,,,,,,,,
Follow On Order,SKYWIFI,181275000131,,Zizzi,,202-208 Regents Park Road,London,N3 3HP,12-Dec,Am,2083716929,Store Manager,2083716929,,,,,,,,,,,,,,
Follow On Order,SKYWIFI,181275000132,,Zizzi,,36-38 York Street,Twickenham,TW1 3LJ,12-Dec,Am,2085389025,Store Manager,2085389025,,,,,,,,,,,,,,
Follow On Order,SKYWIFI,181275000133,,Zizzi,,43 Market Place,Kingston upon Thames,KT1 1ET,12-Dec,Am,2085464896,Store Manager,2085464896,,,,,,,,,,,,,,
Follow On Order,SKYWIFI,181275000134,,Zizzi,,Unit 2 17 Sheldon Square,London,W2 6EP,12-Dec,Am,2072867941,Store Manager,2072867941,,,,,,,,,,,,,,
Follow On Order,SKYWIFI,181275000135,,Zizzi,,"Surbiton Plaza, Unit 1 38 Victoria Road",Surbiton,KT6 4JL,12-Dec,Am,2083909102,Store Manager,2083909102,,,,,,,,,,,,,,
Follow On Order,SKYWIFI,181275000136,,Zizzi,,"O2 Centre, Unit 10 Level 02 Finchley Road",London,NW3 6LU,12-Dec,Am,2074338111,Store Manager,2074338111,,,,,,,,,,,,,,
Follow On Order,SKYWIFI,181275000137,,Zizzi,,33 Westferry Circus,London,E14 8RR,12-Dec,Am,2075132700,Store Manager,2075132700,,,,,,,,,,,,,,
Follow On Order,SKYWIFI,181275000138,,Zizzi,,The O2 Millenium Way,London,SE10 0UZ,12-Dec,Am,2088583464,Store Manager,2088583464,,,,,,,,,,,,,,
Follow On Order,SKYWIFI,181275000139,,Zizzi,,76 High Street,Marlow,SL7 1AQ,12-Dec,Am,1628483778,Store Manager,1628483778,,,,,,,,,,,,,,
Follow On Order,SKYWIFI,181275000140,,Zizzi,,"The Former White Hart, 21-23 Hart Street",Henley-on-Thames,RG9 2AR,12-Dec,Am,1491578477,Store Manager,1491578477,,,,,,,,,,,,,,
Follow On Order,SKYWIFI,181275000141,,Zizzi,,64-72 Kings Road,Reading,RG1 3BJ,12-Dec,Am,1189583628,Store Manager,1189583628,,,,,,,,,,,,,,
Follow On Order,SKYWIFI,181275000142,,Zizzi,,41 Aylesbury End,Beaconsfield,HP9 1LU,12-Dec,Am,1494677139,Store Manager,1494677139,,,,,,,,,,,,,,
Follow On Order,SKYWIFI,181275000143,,Zizzi,,7 Denmark Street,High Wycombe,HP11 2DB,12-Dec,Am,1494445322,Store Manager,1494445322,,,,,,,,,,,,,,
Follow On Order,SKYWIFI,181275000144,,Zizzi,,43 South Street,Chichester,PO19 1DR,12-Dec,Am,1243839159,Store Manager,1243839159,,,,,,,,,,,,,,
Follow On Order,SKYWIFI,181275000145,,Zizzi,,19 High Street,Chislehurst,BR7 5AE,12-Dec,Am,2084677965,Store Manager,2084677965,,,,,,,,,,,,,,
Follow On Order,SKYWIFI,181275000146,,Zizzi,,3-5 Bolton Road,Eastbourne,BN21 3JU,12-Dec,Am,1323736161,Store Manager,1323736161,,,,,,,,,,,,,,
Follow On Order,SKYWIFI,181275000147,,Zizzi,,13 St. Nicholas Street,Ipswich,IP1 1TH,12-Dec,Am,1473231894,Store Manager,1473231894,,,,,,,,,,,,,,
Follow On Order,SKYWIFI,181275000150,,Zizzi,,28-70 Broadway,Bexleyheath,DA6 7LL,12-Dec,Am,2083013316,Store Manager,2083013316,,,,,,,,,,,,,,
Follow On Order,SKYWIFI,181275000151,,Zizzi,,42-50 Grey Street,Newcastle upon Tyne,NE1 6AE,12-Dec,Am,1912305979,Store Manager,1912305979,,,,,,,,,,,,,,
Follow On Order,SKYWIFI,181275000152,,Zizzi,,2 Cloth Hall Street,Leeds,LS1 2HD,12-Dec,Am,1132453470,Store Manager,1132453470,,,,,,,,,,,,,,
Follow On Order,SKYWIFI,181275000153,,Zizzi,,Unit 8 Leopold Square,Sheffield,S1 2JG,12-Dec,Am,1142516748,Store Manager,1142516748,,,,,,,,,,,,,,
Follow On Order,SKYWIFI,181275000154,,Zizzi,,26 Belvoir Street,Leicester,LE1 6QH,12-Dec,Am,1162558570,Store Manager,1162558570,,,,,,,,,,,,,,
Follow On Order,SKYWIFI,181275000155,,Zizzi,,10 Poplar Road,Solihull,B91 3AB,12-Dec,Am,1217042272,Store Manager,1217042272,,,,,,,,,,,,,,
Follow On Order,SKYWIFI,181275000156,,Zizzi,,"Unit 1, 29 The Square",Kenilworth,CV8 1EF,12-Dec,Am,1926512978,Store Manager,1926512978,,,,,,,,,,,,,,
Follow On Order,SKYWIFI,181275000037,,ASK,,2 Bromley Road,Beckenham,BR3 5JE,12-Dec,Am,2086500999,Store Manager,2086500999,,,,,,,,,,,,,,
Follow On Order,SKYWIFI,181275000050,,ASK,,Unit 2 Parkway,Bury St. Edmunds,IP33 3BA,12-Dec,Am,1284727729,Store Manager,1284723400,,,,,,,,,,,,,,
Follow On Order,SKYWIFI,181275000055,,ASK,,287 High Street,Dorking,RH4 1RL,12-Dec,Am,1306888669,Store Manager,1372740992,,,,,,,,,,,,,,
Follow On Order,SKYWIFI,181275000038,,ASK,,"The Salt House, 41-43 High Street",Epsom,KT19 8DD,12-Dec,Am,1372741047,Store Manager,1392427127,,,,,,,,,,,,,,
Follow On Order,SKYWIFI,181275000034,,ASK,,5 Cathedral Close,Exeter,EX1 1EZ,12-Dec,Am,1392427127,Store Manager,2078350840,,,,,,,,,,,,,,
Follow On Order,SKYWIFI,181275000053,,ASK,,"Gloucester Arcade, 23/24 Gloucester Road",London,SW7 4SF,12-Dec,Am,2073702930,Store Manager,1684893500,,,,,,,,,,,,,,
Follow On Order,SKYWIFI,181275000048,,ASK,,6-8 Belle Vue Terrace,Malvern,WR14 4PZ,12-Dec,Am,1684566923,Store Manager,1432353337,,,,,,,,,,,,,,
Follow On Order,SKYWIFI,181275000054,,ASK,,"Kemble House, 38-39 Broad Street",Hereford,HR4 9AR,12-Dec,Am,1432352627,Store Manager,1708464798,,,,,,,,,,,,,,
Follow On Order,SKYWIFI,181275000097,,ASK,,"Unit 2, 168 High Street",Hornchurch,RM12 6QU,12-Dec,Am,1708464818,Store Manager,1473210443,,,,,,,,,,,,,,
Follow On Order,SKYWIFI,181275000160,,ASK,,23 Grafton Way,Ipswich,IP1 1AX,12-Dec,Am,1473217432,Store Manager,2072268051,,,,,,,,,,,,,,
Follow On Order,SKYWIFI,181275000039,,ASK,,52 Upper Street,Islington,N1 0QH,12-Dec,Am,2072268051,Store Manager,1908395813,,,,,,,,,,,,,,
Follow On Order,SKYWIFI,181275000096,,ASK,,"Xscape, 12 602 Marlborough Gate",Milton Keynes,MK9 3XA,12-Dec,Am,1908395814,Store Manager,1730231113,,,,,,,,,,,,,,
Follow On Order,SKYWIFI,181275000123,,ASK,,19 High Street,Petersfield,GU32 3JT,12-Dec,Am,1730269484,Store Manager,1189574850,,,,,,,,,,,,,,
Follow On Order,SKYWIFI,181275000102,,ASK,,Orbit House St. Marys Butts,Reading,RG1 2LN,12-Dec,Am,1189574611,Store Manager,1799520500,,,,,,,,,,,,,,
Follow On Order,SKYWIFI,181275000126,,ASK,,62 High Street,Saffron Walden,CB10 1EE,12-Dec,Am,1799526434,Store Manager,1722331325,,,,,,,,,,,,,,
Follow On Order,SKYWIFI,181275000119,,ASK,,1-3 Castle Street,Salisbury,SP1 3SZ,12-Dec,Am,1722331325,Store Manager,1743242172,,,,,,,,,,,,,,
Follow On Order,SKYWIFI,181275000047,,ASK,,23 High Street,Shrewsbury,SY1 1SJ,12-Dec,Am,1743242175,Store Manager,2074052876,,,,,,,,,,,,,,
Follow On Order,SKYWIFI,181275000099,,ASK,,74 Southampton Row,London,WC1B 4AR,12-Dec,Am,2074052876,Store Manager,1792477070,,,,,,,,,,,,,,
Follow On Order,SKYWIFI,181275000052,,ASK,,6 Wind Street,Swansea,SA1 1DF,12-Dec,Am,1792466128,Store Manager,1872261889,,,,,,,,,,,,,,
Follow On Order,SKYWIFI,181275000125,,ASK,,76/77 Lemon Street,Truro,TR1 2PN,12-Dec,Am,1872260839,Store Manager,1892544660,,,,,,,,,,,,,,
Follow On Order,SKYWIFI,181275000093,,ASK,,33 Monson Road,Tunbridge Wells,TN1 1LS,12-Dec,Am,1749677845,Store Manager,2084920033,,,,,,,,,,,,,,
Follow On Order,SKYWIFI,181275000122,,ASK,,"Whetstone, 1257 High Road",London,N20 0EW,12-Dec,Am,2084920136,Store Manager,1962849464,,,,,,,,,,,,,,
Follow On Order,SKYWIFI,181275000043,,ASK,,"God Begot House, 101 High Street",Winchester,SO23 9AH,12-Dec,Am,1962860556,Store Manager,1935412323,,,,,,,,,,,,,,
Follow On Order,SKYWIFI,181275000044,,ASK,,15 Princes Street,Yeovil,BA20 1EN,13-Dec,Am,1935414181,Store Manager,1935412324,,,,,,,,,,,,,,
