billingLevel001,customerReferenceNumber,establishmentName,propertyName,propertyNumber,street,locality,town,county,postcode,country,telephoneNumber,businessTypeDescription,faxNumber,email,website,password,wifiVenueId,outletContactTitle,outletContactFirstName,outletContactSurname,outletContactTelephoneNumber,outletContactMobileNumber,outletContactEmailAddress,Action,Result
181359600003,,Ford Retail - LAPD (Thurrock),Unit B The Triton,,Weston Avenue,West Thurrock In,West Thurrock,Essex,RM20 3JQ,GBR,01708893900,Retail,,,,,,Mr,Phil,Pankhurst,01708893900,,,Create_Group,
181359600003,,Ford Retail - NYPD,Ford Retail,,Ripley Drive,Normanton,Normanton,West Yorkshire,WF6 1QT,GBR,01924228500,Retail,,,,,,Mr,Stuart,Harper,01924228500,,,Create_Group,
181359600003,,Ford Retail - BAPD (Bristol),,183-187,South Liberty Lane,Bristol,Bristol,Bristol,BS3 2TN,GBR,01179536700,Retail,,,,,,Mr,Mark,Holloway,01179536700,,,Create_Group,
181359600003,,Ford Retail - Perry Barr,Ford Retail,,Aldridge Road,Perry Barr,Perry Barr,West Midlands,B42 2EY,GBR,01213445240,Retail,,,,,,Mr,Steven,Howe,01213445240,,,Create_Group,
181359600003,,Ford Retail - Tamworth,Ford Retail,,Saxon Drive,Tamworth,Staffordshire,Staffordshire,B79 7HY,GBR,01827306700,Retail,,,,,,Mr,David,Stretton,01827306700,,,Create_Group,
181359600003,,Ford Retail - Gt. Camb. Road,,720,Great Cambridge Road,Enfield,Enfield,Middlesex,EN1 3WX,GBR,02088847800,Retail,,,,,,Mr,Carl,Westall,02088847800,,,Create_Group,
181359600003,,Ford Retail - Newbury Park,,902,Eastern Avenue,Newbury Park,Newbury Park,Essex,IG2 7HZ,GBR,02085973331,Retail,,,,,,Mr,Jarvie,Kimberley,02085973331,,,Create_Group,
181359600003,,Ford Retail - Eltham,,701-725,Sidcup Road,Eltham,Eltham,London,SE9 3AQ,GBR,02088601266,Retail,,,,,,Mr,Anthony,Jones,02088601266,,,Create_Group,
181359600003,,Ford Retail - Banstead,Ford Retail,,Brighton Road,Banstead,Banstead,Surrey,SM7 1BS,GBR,01737858100,Retail,,,,,,Mr,James,Wilson,01737858100,,,Create_Group,
181359600003,,Ford Retail - Cobham,,97,Portsmouth Road,Cobham,Cobham,Surrey,KT11 1JJ,GBR,01932588500,Retail,,,,,,Mr,Adam,Feist,01932588500,,,Create_Group,
181359600003,,Ford Retail - East Street (Epsom),,20-40,East Street,Epsom,Epsom,Surrey,KT17 1HQ,GBR,01372852700,Retail,,,,,,Mr,Simon,Bigwood,01372852700,,,Create_Group,
181359600003,,Ford Retail - Kingston,Brook House,,Portsmouth Road,Kingston,Kingston,Surrey,KT7 0EG,GBR,02083393500,Retail,,,,,,Mr,Manager,.,02083393500,,,Create_Group,
181359600003,,Ford Retail - Bookham,Ford Retail,,Guildford Road,Bookham,Bookham,Surrey,KT23 4HY,GBR,01372455250,Retail,,,,,,Mr,Stephen,Riddles,01372455250,,,Create_Group,
181359600003,,Ford Retail - Chigwell,,357,Chigwell Road,Chigwell,Chigwell,Essex,IG8 8PE,GBR,02084989838,Retail,,,,,,Mr,Jamie,Lindsey,02084989838,,,Create_Group,
181359600003,,Ford Retail - Potters Bar,,343,Baker Street,Potters Bar,Potters Bar,Herts,EN6 2AU,GBR,01707652219,Retail,,,,,,Mr,Darren,Bysouth,01707652219,,,Create_Group,
181359600003,,Ford Retail - Stamford Hill,,51,Stamford Hill,Stamford Hill,Stamford Hill,London,N16 5SR,GBR,0843308148,Retail,,,,,,Mr,Ali,Kahn,0843308148,,,Create_Group,
181359600003,,Ford Retail - Strood,Unit 1 Ballards Business Park,,Cuxton Road,Roches,Strood,Kent,ME2 2NY,GBR,01634496300,Retail,,,,,,Mr,Rick,Gaskell,01634496300,,,Create_Group,
181359600003,,Ford Retail - Wakefield,Ford Retail,,Calder Island Way,Denby Dale Road,Wakefield,West Yorkshire,WF2 7AW,GBR,01924290290,Retail,,,,,,Mr,Stewart,Fordthy,01924290290,,,Create_Group,
181359600003,,Ford Retail - Stockport,Ford Retail,,A6 Wellington Road North,Stockport,Stockport,Cheshire,SK4 2PD,GBR,01619755500,Retail,,,,,,Mr,Denny,McInnes,01619755500,,,Create_Group,
181359600003,,Ford Retail - Hazel Grove,,60,Buxton Road,Hazel Grove,Stockport,Cheshire,SK7 6AF ,GBR,01614839431,Retail,,,,,,Mr,Chris,Royle,01614839431,,,Create_Group,
181359600003,,Ford Retail - Warrington,Ford Retail,,Winwick Road,Warrington,Warrington,Cheshire,WA2 7NY,GBR,01925651111,Retail,,,,,,Mr,Gary,Mcdonald,01925651111,,,Create_Group,
181359600003,,Ford Retail - Wilmslow,Ford Retail,,Birrell Way,Wilmslow,Wilmslow,Cheshire,SK9 1AE,GBR,01625257777,Retail,,,,,,Mr,Andrew,Moss,01625257777,,,Create_Group,
181359600003,,Ford Retail - Craigavon,Ford Retail,,Highfield Grove,Craigavon,Craigavon,Craigavon,BT64 3AE,GBR,08433183411,Retail,,,,,,Mr,Denny,McInnes,08433183411,,,Create_Group,
181359600003,,Ford Retail - Boucher Road (Belfast),,15,Boucher Road,Belfast,Belfast,County Antrim,BT12 6HR,GBR,02890878700,Retail,,,,,,Mr,Michael,Convery,02890878700,,,Create_Group,
181359600003,,Ford Retail - Coleraine,,80-82,Bushmills Road,Coleraine,Coleraine,County Londonderry,BT52 2BS,GBR,08433179648,Retail,,,,,,Mr,Neil,Lambort,08433179648,,,Create_Group,
181359600003,,Ford Retail - Bangor,,3,Balloo Park,Balloo Industrial Estate,Bangor,County Down,BT19 7PP,GBR,08433179505,Retail,,,,,,Mr,Charles,Lennon,08433179505,,,Create_Group,
181359600003,,Ford Retail - Ballymena,Ford Retail,,Larne Road,Pennybridge Industrial Estate,Ballymena,County Antrim,BT42 3HB,GBR,08433179483,Retail,,,,,,Mr,Lloyd,Gibb,08433179483,,,Create_Group,
181359600003,,Ford Retail - Filton (Brunel Ford),Ford Retail,,Muller Road,Hayes Way,Bristol,Bristol,BS34 5BZ,GBR,01179513333,Retail,,,,,,Mr,Derek,Hendley,01179513333,,,Create_Group,
181359600003,,Ford Retail - Runcorn,Unit 2,,Edwards Road,Runcorn,Cheshire,Cheshire,WA7 2XP,GBR,01928737500,Retail,,,,,,Mr,Paul,Turner,01928737500,,,Create_Group,
181359600003,,Ford Retail - Hounslow,,719-727,London Road,Hounslow,Hounslow,Middlesex,TW3 1SE,GBR,02088144600,Retail,,,,,,Mr,Ian,Clarke,02088144600,,,Create_Group,
