billingLevelReferenceNumber,customerReferenceNumber,establishmentName,propertyName,propertyNumber,street,locality,town,county,postcode,country,telephoneNumber,businessTypeDescription,faxNumber,email,website,password,wifiVenueId,outletContactTitle,outletContactFirstName,outletContactSurname,outletContactTelephoneNumber,outletContactMobileNumber,outletContactEmailAddress,action,result
182088300322,28114,Dominos - Edinburgh - Southside,,101,Nicolson Street,Edinburgh,Edinburgh,,EH8 9BY,GBR,01316678666,Restaurant,,,,,,Mr,Adam,Hulley,01316678666,,,Create_Group,
182088300322,28167,Dominos - Edinburgh - Corstorphine,,165,St Johns Road,Corstorphine,Edinburgh,,EH12 7SD,GBR,01313346600,Restaurant,,,,,,Mr,Mo,Ahmed,01313346600,,,Create_Group,
182088300322,28258,Dominos - Edinburgh - Leith,,119-121,Leith Walk,Edinburgh,Edinburgh,,EH6 8NP,GBR,01315544449,Restaurant,,,,,,Ms,Lizzy,McBrien,01315544449,,,Create_Group,
182088300322,28327,Dominos - Edinburgh - Dalry Road,,131,Dalry Road,Edinburgh,Edinburgh,,EH11 2EA,GBR,01313133399,Restaurant,,,,,,Mr,Simon,Lisle,01313133399,,,Create_Group,
182088300322,28371,Dominos - Musselburgh,,193-195,North High Street,Musselburgh,Edinburgh,,EH21 6AP,GBR,01316655550,Restaurant,,,,,,Mr,Mark,Smith,01316655550,,,Create_Group,
182088300322,28372,Dominos - Dunfermline,Unit 3,106-114,Hospital Hill,Dunfermline,Dunfermline,,KY11 3AU,GBR,01383722422,Restaurant,,,,,,Mr,David,Pearson,01383722422,,,Create_Group,
182088300322,28409,Dominos - Edinburgh - Colinton,,134-136,Slateford Road,Edinburgh,Edinburgh,,EH14 1LR,GBR,01314558000,Restaurant,,,,,,Mr,Gordon,Penman,01314558000,,,Create_Group,
182088300322,28509,Dominos - Edinburgh - Crewe Toll,,677-679,Ferry Road,Edinburgh,Edinburgh,,EH4 2TX,GBR,01313326677,Restaurant,,,,,,Ms,Kasia,Nowak,01313326677,,,Create_Group,
182088300322,28537,Dominos - Edinburgh - Gilmerton,,33,Drum Street,Gilmerton,Edinburgh,,EH17 8RQ,GBR,01316721188,Restaurant,,,,,,Mr,Adam,Grigg,01316721188,,,Create_Group,
182088300322,28626,Dominos - Linlithgow,Unit 2a Aldi Retail Development,51,Falkirk Road,Linlithgow,Edinburgh,,EH49 7PH,GBR,01506670700,Restaurant,,,,,,Mr,Gordon,Anderson,01506670700,,,Create_Group,
182088300322,28701,Dominos - Edinburgh - Stockbridge,,17-17a,Raeburn Place,Stockbridge,Edinburgh,,EH4 1HU,GBR,01313153000,Restaurant,,,,,,Ms,Karol,Lawera,01313153000,,,Create_Group,
182088300322,28714,Dominos - Edinburgh - Portobello,,46a,Portobello Road,Edinburgh,Edinburgh,,EH8 7EL,GBR,01316520005,Restaurant,,,,,,Mr,David,Fyfe,01316520005,,,Create_Group,
