billingLevel001,customerReferenceNumber,establishmentName,propertyName,propertyNumber,street,locality,town,county,postcode,country,telephoneNumber,businessTypeDescription,faxNumber,email,website,password,wifiVenueId,outletContactTitle,outletContactFirstName,outletContactSurname,outletContactTelephoneNumber,outletContactMobileNumber,outletContactEmailAddress,Action,Result
181469200024,,Bay Hotels - Gairloch Hotel,Gairloch Hotel,,Gairloch,Gairloch,Gairloch,Gairloch,IV21 2BL,GBR,01445712001,Hotel,,,,,,Mr,Mark,Williams,01942823451,07715166045,gm.gai@shearings.com,Create_Group,
181469200024,,Bay Hotels - Burlington Hotel,Burlington Hotel,,Grand Parade,Eastbourne,Eastbourne,East Sussex ,BN21 3YN,GBR,01323722724,Hotel,,,,,,Mr,Mark,Williams,01942823451,07715166045,gm.bur@shearings.com,Create_Group,
181469200024,,Bay Hotels - Majestic Hotel,Majestic Hotel,26-34,Royal Parade,Eastbourne,Eastbourne,East Sussex ,BN22 7AN,GBR,01323730311,Hotel,,,,,,Mr,Mark,Williams,01942823451,07715166045,gm.mae@shearings.com,Create_Group,
181469200024,,Bay Hotels - Royal Esplanade Hotel,Royal Esplanade Hotel,16,The Esplanade,Ryde,Ryde,Ryde,PO33 2ED,GBR,01983562549,Hotel,,,,,,Mr,Mark,Williams,01942823451,07715166045,gm.res@shearings.com,Create_Group,
181469200024,,Bay Hotels - Broadway Park Hotel,Broadway Park Hotel,,Melville Street,Sandown,Sandown,Ryde,PO36 9DJ,GBR,01983405214,Hotel,,,,,,Mr,Mark,Williams,01942823451,07715166045,gm.iow@shearings.com,Create_Group,
181469200024,,Bay Hotels - Prince Of Wales Hotel,Prince Of Wales Hotel,,Bristol Road,Berkeley,Berkeley,Gloucestershire ,GL13 9HD,GBR,01453810474,Hotel,,,,,,Mr,Mark,Williams,01942823451,07715166045,gm.pow@shearings.com,Create_Group,
181469200024,,Bay Hotels - County Hotel,County Hotel,,East Parade,Llandudno,Llandudno,Llandudno,LL30 1BD,GBR,01492878711,Hotel,,,,,,Mr,Mark,Williams,01942823451,07715166045,gm.cty@shearings.com,Create_Group,
181469200024,,Bay Hotels - Marine Hotel,Marine Hotel,,Vaughan Street,Llandudno,Llandudno,Llandudno,LL30 1AN,GBR,01492877521,Hotel,,,,,,Mr,Mark,Williams,01942823451,07715166045,gm.llu@shearings.com,Create_Group,
181469200024,,Bay Hotels - Strathmore Hotel,Strathmore Hotel,,Marine Road East,Morecambe,Morecambe,Morecambe,LA4 5AP,GBR,01524421234,Hotel,,,,,,Mr,Mark,Williams,01942823451,07715166045,gm.mor@shearings.com,Create_Group,
181469200024,,Bay Hotels - Great Western Hotel,Great Western Hotel,,Corran Esplanade,Oban,Oban,Oban,PA34 5PP,GBR,01631563101,Hotel,,,,,,Mr,Mark,Williams,01942823451,07715166045,gm.gtw@shearings.com,Create_Group,
181469200024,,Bay Hotels - Highland Hotel,Highland Hotel,,Highland Region,Highland Region,Strathpeffer,Strathpeffer,IV14 9AN,GBR,01997421457,Hotel,,,,,,Mr,Mark,Williams,01942823451,07715166045,gm.hig@shearings.com,Create_Group,
181469200024,,Bay Hotels - Royal Hotel,Royal Hotel,,West Cliff,Whitby,Whitby,Yorkshire ,YO21 3HA,GBR,01947602234,Hotel,,,,,,Mr,Mark,Williams,01942823451,07715166045,gm.whi@shearings.com,Create_Group,
181469200024,,Bay Hotels - Carlton Hotel,Carlton Hotel,,Kimberley Terrace,Great Yarmouth,Great Yarmouth,"Norfolk, ",NR30 3JE,GBR,01493855234,Hotel,,,,,,Mr,Mark,Williams,01942823451,07715166045,gm.gty@shearings.com,Create_Group,
181469200024,,Bay Hotels - Dornoch Hotel,Dornoch Hotel,,Grange Road,Dornoch,Dornoch,Highland Region ,IV25 3LD,GBR,01862810351,Hotel,,,,,,Mr,Mark,Williams,01942823451,07715166045,gm.dor@shearings.com,Create_Group,
181469200024,,Bay Hotels - Beresford Hotel,Beresford Hotel,,Narrowcliff,Newquay,Newquay,Cornwall  ,TR7 2PR,GBR,01637873238,Hotel,,,,,,Mr,Mark,Williams,01942823451,07715166045,gm.ber@shearings.com,Create_Group,
181469200024,,Bay Hotels - St Ives Bay Hotel,St Ives Bay Hotel,,The Terrace,St Ives,St Ives,Cornwall ,TR26 2BP,GBR,01736795106,Hotel,,,,,,Mr,Mark,Williams,01942823451,07715166045,gm.sti@shearings.com,Create_Group,
181469200024,,Bay Hotels - Valley Of Rocks Hotel,Valley Of Rocks Hotel,,Lee Road,Lynton,Lynton,Devon ,EX35 6HS,GBR,01598752349,Hotel,,,,,,Mr,Mark,Williams,01942823451,07715166045,gm.val@shearings.com,Create_Group,
181469200024,,Bay Hotels - Norbreck Hotel,Norbreck Hotel,,Castle Road,Scarborough,Scarborough,Yorkshire ,YO11 1HY,GBR,01723366607,Hotel,,,,,,Mr,Mark,Williams,01942823451,07715166045,gm.nor@shearings.com,Create_Group,
181469200024,,Bay Hotels - Waverley Castle Hotel,Waverley Castle Hotel,,Waverley Road,Skirmish Hill,Melrose,Melrose,TD6 9AA,GBR,01896822244,Hotel,,,,,,Mr,Mark,Williams,01942823451,07715166045,gm.wav@shearings.com,Create_Group,
181469200024,,Bay Hotels - Caledonian Hotel,Caledonian Hotel,,Achintore Road,Fort William,Fort William,Fort William,PH33 6RW,GBR,01397703117,Hotel,,,,,,Mr,Mark,Williams,01942823451,07715166045,gm.cal@shearings.com,Create_Group,
181469200024,,Bay Hotels - Glenburn Hotel,Glenburn Hotel,,Glenburn Road,Rothesay,Rothesay,Isle of Bute,PA20 9JP,GBR,01700502500,Hotel,,,,,,Mr,Mark,Williams,01942823451,07715166045,gm.gle@shearings.com,Create_Group,
181469200024,,Bay Hotels - Trecarn Hotel,Trecarn Hotel,,Palermo Road,Torquay,Torquay,Devon ,TQ1 3NW,GBR,01803329292,Hotel,,,,,,Mr,Mark,Williams,01942823451,07715166045,gm.tre@shearings.com,Create_Group,
181469200024,,Bay Hotels - Majestic Hotel,Majestic Hotel,36,Derby Road,East Cliff,Bournemouth,Dorset ,BH1 3QE,GBR,01202294771,Hotel,,,,,,Mr,Mark,Williams,01942823451,07715166045,gm.mbo@shearings.com,Create_Group,
181469200024,,Bay Hotels - Marina Hotel,Marina Hotel,,Narrowcliff,Newquay,Newquay,Cornwall ,TR7 2PL,GBR,01637873012,Hotel,,,,,,Mr,Mark,Williams,01942823451,07715166045,gm.mar@shearings.com,Create_Group,
181469200024,,Bay Hotels - Dilkhusa Grand Hotel,Dilkhusa Grand Hotel,,Wilder Road,Ilfracombe,Ilfracombe,Devon ,EX34 9AH,GBR,01271863505,Hotel,,,,,,Mr,Mark,Williams,01942823451,07715166045,gm.dil@shearings.com,Create_Group,
181469200024,,Bay Hotels - Claymore Hotel,Claymore Hotel,,Loch Long,Loch Long,Arrochar,Dunbartonshire,G83 7BB,GBR,01301702238,Hotel,,,,,,Mr,Mark,Williams,01942823451,07715166045,gm.cly@shearings.com,Create_Group,
181469200024,,Bay Hotels - Tarbet Hotel,Tarbet Hotel,,Loch Lomond,Tarbet,Arrochar,Dunbartonshire,G83 7DE,GBR,01301702346,Hotel,,,,,,Mr,Mark,Williams,01942823451,07715166045,gm.tar@shearings.com,Create_Group,
181469200024,,Bay Hotels - Esplanade Hotel,Esplanade Hotel,,Sands Road,Paignton,Paignton,Devon ,TQ4 6EG,GBR,01803556333,Hotel,,,,,,Mr,Mark,Williams,01942823451,07715166045,gm.esp@shearings.com,Create_Group,
181469200024,,Bay Hotels - Grand Hotel,Grand Hotel,5,Morton Crescent,Exmouth,Exmouth,Devon ,EX8 1BE,GBR,01395263278,Hotel,,,,,,Mr,Mark,Williams,01942823451,07715166045,gm.gra@shearings.com,Create_Group,
181469200024,,Bay Hotels - Libertys On The Square,Libertys On The Square,1,Cocker Square,North Promenade,Blackpool,Lancashire. ,FY1 1RX,GBR,01253291155,Hotel,,,,,,Mr,Mark,Williams,01942823451,07715166045,gm.bla@shearings.com,Create_Group,
181469200024,,Bay Hotels - Tor Park Hotel,Tor Park Hotel,24,Vansittart Road,Torquay,Torquay,Devon ,TQ2 5BW,GBR,01803295151,Hotel,,,,,,Mr,Mark,Williams,01942823451,07715166045,gm.tpk@shearings.com,Create_Group,
