billingLevel001,customerReferenceNumber,establishmentName,propertyName,propertyNumber,street,locality,town,county,postcode,country,telephoneNumber,businessTypeDescription,faxNumber,email,website,password,wifiVenueId,outletContactTitle,outletContactFirstName,outletContactSurname,outletContactTelephoneNumber,outletContactMobileNumber,outletContactEmailAddress,Action,Result
1.81E+11,,Camden Food - Liverpool Street Station,Camden Food,,Liverpool Street Station,London,London,,EC2M 7PY,GBR,7903944838,Retail,,,,,,Ms,Stephane,Grant,7903944838,,,Create_Group,
1.81E+11,,Camden Food - New Street Rail Station,Camden Food,Unit 1 ,New Street Rail Station,Birmingham,Birmingham,,B2 4QA,GBR,7919348770,Retail,,,,,,Mr,Trevor,King,7919348770,,,Create_Group,
1.81E+11,,Mi Casa - New Street Rail Station,Mi Casa,Unit 4,New Street Rail Station,Birmingham,Birmingham,,B2 4QA,GBR,7919348770,Retail,,,,,,Mr,Trevor,King,7919348770,,,Create_Group,
1.81E+11,,Pasty Shop - New Street Rail Station,Pasty Shop,Unit 6,New Street Rail Station,Birmingham,Birmingham,,B2 4QA,GBR,7919348770,Retail,,,,,,Mr,Trevor,King,7919348770,,,Create_Group,
1.81E+11,,Starbucks - New Street Rail Station,Starbucks,Unit 7 & 8,New Street Rail Station,Birmingham,Birmingham,,B2 4QA,GBR,7919348770,Retail,,,,,,Mr,Trevor,King,7919348770,,,Create_Group,
1.81E+11,,Delice De France - New Street Rail Station,Delice De France,Unit 12,New Street Rail Station,Birmingham,Birmingham,,B2 4QA,GBR,7919348770,Retail,,,,,,Mr,Trevor,King,7919348770,,,Create_Group,
1.81E+11,,Pumpkin - Leicester,Pumpkin,Platform 3/4,London Road,Leicester,Leicester,,LE1 9BS,GBR,1162538319,Retail,,,,,,Mr,James,Summerland,1162538319,,,Create_Group,
1.81E+11,,Lemon Tree - Portsmouth & Southsea Station,Lemon Tree,,Portsmouth & Southsea Station,Portsmouth,Portsmouth,,PO1 1HE,GBR,7739263324,Retail,,,,,,Ms,Tracy,Musselwhite,7739263324,,,Create_Group,
1.81E+11,,Upper Crust - Swindon Station,Upper Crust,Platform 2,Swindon Station,Swindon,Swindon,,SN1 1DQ,GBR,7807100932,Retail,,,,,,Ms,Laura,Wiblin,7807100932,,,Create_Group,
1.81E+11,,Pumpkin - Blackpool Railway Station,Pumpkin,,Blackpool Railway Station,Blackpool,Blackpool,,FY1 2AB,GBR,1253294162,Retail,,,,,,Ms,Cathy,Hocking,1253294162,,,Create_Group,
1.81E+11,,Pumpkin - Scarborough  Railway Station,Pumpkin,,Scarborough Railway Station,Scarborough,Scarborough,,YO11 1TN,GBR,1723503279,Retail,,,,,,Ms,Sarah,Stanley,1723503279,,,Create_Group,
1.81E+11,,Pumpkin - Wigan North West Railway Station,Pumpkin,,Wigan North West Railway Station,Wigan,Wigan,,WN1 1BJ,GBR,1942234750,Retail,,,,,,Ms,Edwina,Challioner,1942234750,,,Create_Group,
1.81E+11,,Upper Crust/WH Smiths - Chorlton Street Coach Station,Upper Crust/WH Smiths,,Chorlton Street Coach Station,Manchester,Manchester,,M1 3JF,GBR,1612286387,Retail,,,,,,Mr,Nicholas,Blomley,1612286387,,,Create_Group,
1.81E+11,,Pumpkin - Hull Railway Station,Pumpkin,,Hull Railway Station,Hull Paragon Station,Hull,,HU1 3QX,GBR,1482218132,Retail,,,,,,Mr,Lesley,Symonds,1482218132,,,Create_Group,
1.81E+11,,Pumpkin - Haymarket Railway Station,Pumpkin,Platform 4,Haymarket Railway Station,Edinburgh,Edinburgh,,EH12 5EY,GBR,1313372239,Retail,,,,,,Mr,Peter,Allinson,1313372239,,,Create_Group,
1.81E+11,,Pumpkin - Bedford Train Station,Pumpkin,,Ashburnham Road,Bedford Train Station,Bedford ,,MK40 1DS ,GBR,2075433300,Retail,,,,,,Mr,Gavin,Bennet,2075433300,,,Create_Group,
1.81E+11,,Pumpkin - Ipswich Railway Station,Pumpkin,,Burrell Road,Ipswich Railway Station ,Ipswitch,,IP2 8AJ,GBR,1473690717,Retail,,,,,,Ms,Maureen,Flewitt,1473690717,,,Create_Group,
1.81E+11,,Pumpkin - Northampton Railway Station ,Pumpkin,,Northampton Railway Station ,Northampton,Northampton,,NN1 1SP,GBR,1604638384,Retail,,,,,,Ms,Steph,Ceasor,1604638384,,,Create_Group,
1.81E+11,,Pumpkin - Norwich Railway Station,Pumpkin,,Thorpe Road ,Norwich Railway Station,Norwich ,,NR1 1EF,GBR,1603660899,Retail,,,,,,Ms,Jo,Mills,1603660899,,,Create_Group,
1.81E+11,,Pumpkin - Chatham Station,Pumpkin,,Railway Street,Chatham Station,Chatham,,ME4 4PN,GBR,1634830027,Retail,,,,,,Ms,Lynda,Goodier,1634830027,,,Create_Group,
1.81E+11,,Pumpkin - Dover Priory Railway,Pumpkin,,Dover Priory Railway Station,Dover,Dover,,CT17 9SB,GBR,1304202115,Retail,,,,,,Mr,John,Fricker,1304202115,,,Create_Group,
1.81E+11,,Pumpkin - Ebbsfleet Internation Way,Pumpkin,,Ebbsfleet Internation Way,Ebbsfleet Valley,Dartford,,DA10 1EB,GBR,1474537978,Retail,,,,,,Ms,Sarah,Deegan,1474537978,,,Create_Group,
1.81E+11,,"Pumpkin - Station Approach, Ramsgate",Pumpkin,,Station Approach,Ramsgate,Ramsgate,,CT11 1RE,GBR,1843595847,Retail,,,,,,Mr,Scott,Chapman,1843595847,,,Create_Group,
1.81E+11,,Pumpkin - Sevenoaks Railway,Pumpkin,,Sevenoaks Railway Station,Kent,Kent,,TN13 1DP,GBR,1732456294,Retail,,,,,,Mr,Sam,Kirkness,1732456294,,,Create_Group,
1.81E+11,,Pumpkin - Tonbridge Railway Station,Pumpkin,,Tonbridge Railway Station,Tonbridge,Tonbridge,,TN9 1TT,GBR,1732355686,Retail,,,,,,Mr,Simon,Bartlett,1732355686,,,Create_Group,
1.81E+11,,Pumpkin - Derby Railway Station,Pumpkin,Platform 4 & 6,Derby Railway Station,Derby,Derby,,DE1 2RU,GBR,1332348470,Retail,,,,,,Ms,Sarah,Rigg,1332348470,,,Create_Group,
1.81E+11,,Pumpkin - Wolverhampton Railway Station,Pumpkin,Platform 2/3,Railway Drive ,Wolverhampton Railway Station,Wolverhampton,,WV1 1LE,GBR,7738985916,Retail,,,,,,Mr,Andrew,Moyo,7738985916,,,Create_Group,
