billingLevel001,customerReferenceNumber,establishmentName,propertyName,propertyNumber,street,locality,town,county,postcode,country,telephoneNumber,businessTypeDescription,faxNumber,email,website,password,wifiVenueId,outletContactTitle,outletContactFirstName,outletContactSurname,outletContactTelephoneNumber,outletContactMobileNumber,outletContactEmailAddress,Action,Result
182659000003,101,Roman Originals - Ebbw Vale - 101,,Unit 7,Festival Park Factory Outlet,Ebbw Vale,Ebbw Vale,Gwent,NP23 8FP,GBR,01495309222,Retail,01495309336,,,,,Ms,Claire,Jhon,01495309222,,,Create_Group,
182659000003,102,Roman Originals - Wilton - 102,Wilton Shopping Village,Unit 3,Kings Street,Wilton,Wilton,Salisbury,SP2 0RS,GBR,01722741310,Retail,01722741311,,,,,Ms,Jacky,Bonner,01722741310,,,Create_Group,
182659000003,103,Roman Originals - Fleetwood - 103,,Unit R2/3,Anchorage Road,Fleetwood,Fleetwood,Lancashire,FY7 6AE,GBR,01253772798,Retail,01253778102,,,,,Ms,Annette,Warner,01253772798,,,Create_Group,
182659000003,104,Roman Originals - Hornsea - 104,Freeport Village,Unit 34,Rolston Road,Hornsea,Hornsea,East Yorkshire,HU18 1UT,GBR,01964537703,Retail,01964537699,,,,,Ms,Julie,Smith,01964537703,,,Create_Group,
182659000003,105,Roman Originals - South Normanton - 105,McArthur Glen Designer,Unit 7,Mansfield Road,South Normanton,South Normanton,Derbyshire,DE55 2ER,GBR,01773545149,Retail,01773545151,,,,,Ms,Jackie,Gough,01773545149,,,Create_Group,
182659000003,106,Roman Originals - Stoke On Trent - 106,Freeport Talke Outlet,Unit 48,Pit Lane,Stoke On Trent,Stoke On Trent,Staffordshire,ST7 1XD,GBR,01782788120,Retail,01782788120,,,,,Ms,Kathy,Hopson,01782788120,,,Create_Group,
182659000003,107,Roman Originals - Tillicoultry - 107,Unit 22 Sterling Mills Village,10,Devon Way ,Tillicoultry,Tillicoultry,Clackmannanshire ,FK13 6HQ,GBR,01259753890,Retail,01259753891,,,,,Ms,Hynne,Hunter,01259753890,,,Create_Group,
182659000003,108,Roman Originals - Clacton-On-Sea - 108,Clacton Factory Outlet,Unit 39,Stephenson Road West,Clacton-On-Sea,Clacton-On-Sea,Essex,CO15 4TL,GBR,01255224267,Retail,01255420796,,,,,Ms,Tracy,Coe,01255224267,,,Create_Group,
182659000003,109,Roman Originals - Bridgend - 109,,Unit 35,Bridgend Designer Outlet,Bridgend,Bridgend,Mid Glamorgan,CF32 9SU,GBR,01656451480,Retail,01656451481,,,,,Ms,Nicola,Evans,01656451480,,,Create_Group,
182659000003,110,Roman Originals - Castleford - 110,Unit D Junction 32 Outlet Village,10,Carrwood Road,Castleford,Castleford,West Yorkshire,WF10 4FR,GBR,01977518210,Retail,01977518220,,,,,Ms,Amelia,Learmouth,01977518210,,,Create_Group,
182659000003,111,Roman Originals - Aldershot - 111,,41,Union Street,Aldershot,Aldershot,Hampshire,GU11 1EP,GBR,01252329955,Retail,01252329959,,,,,Ms,Amanda,Scriuner,01252329955,,,Create_Group,
182659000003,112,Roman Originals - Braintree - 112,,Unit 11,Charter Way,Braintree,Braintree,Essex,CM77 8YH,GBR,01376334194,Retail,01376334195,,,,,Ms,Dorothy,Lamb,01376334194,,,Create_Group,
182659000003,113,Roman Originals - Ashford - 113,McArthur Glen Designer Outlet,Unit 28,Kimberley Way,Ashford,Ashford,Kent,TN24 0SD,GBR,01233611771,Retail,01233611771,,,,,Ms,Christine,Elliott,01233611771,,,Create_Group,
182659000003,114,Roman Originals - Somerset - 114,Clarks Village,Unit 74,Farm Road,Somerset,Somerset,Somerset,BA16 0BB,GBR,01458441675,Retail,01458441676,,,,,Ms,Isobel,Carter,01458441675,,,Create_Group,
182659000003,115,Roman Originals - Bideford - 115,Atlantic Village,Unit 3,Clovelly Road ,Bideford,Bideford,Devon,EX39 3DU,GBR,01237472349,Retail,01237472349,,,,,Ms,Anne,Mead,01237472349,,,Create_Group,
182659000003,116,Roman Originals - Livingston - 116,McArthur Glen Outlet,Unit 85,Almondvale Avenue,Livingston,Livingston, West Lothian,EH54 6QX,GBR,01506417040,Retail,01506417044,,,,,Ms,Jill,Mccafferty,01506417040,,,Create_Group,
182659000003,117,Roman Originals - York - 117,The York Designer Outlet,Unit 124,St Nicholas Avenue,York,York,York,YO19 4TA,GBR,01904674574,Retail,01704676400,,,,,Ms,Pauline,Anderson,01904674574,,,Create_Group,
182659000003,118,Roman Originals - Doncaster - 118,Lakeside Village,Unit 41,White Rose Way,Doncaster,Doncaster,South Yorkshire,DN4 5PJ,GBR,01302367088,Retail,01302367037,,,,,Mr,Mr,Manager,01302367088,,,Create_Group,
182659000003,121,Roman Originals - Salford - 121,,Unit G7,Lowry Outlet Mall,Salford,Salford,Manchester,M50 3AZ,GBR,01618489310,Retail,01618726547,,,,,Ms,Victoria,Stanley,01618489310,,,Create_Group,
182659000003,122,Roman Originals - Murton - 122,,Unit 93,Dalton Park,Murton,Murton,County Durham,SR7 9HU,GBR,01915208052,Retail,01915208205,,,,,Ms,Jacqueline,Dodos,01915208052,,,Create_Group,
182659000003,123,Roman Originals - Chatham - 123,Dockside Outlet Centre,Unit 16,Maritime Way,Chatham,Chatham,Kent,ME4 3ED,GBR,01634893296,Retail,0134893296,,,,,Ms,Celia,Flood,01634893296,,,Create_Group,
182659000003,124,Roman Originals - Spalding - 124,,Unit 10,Springfields Outlet Centre ,Spalding,Camelgate,Lincolnshire,PE12 6EU,GBR,01775766144,Retail,01775725756,,,,,Ms,Lisa,Watermouse,01775766144,,,Create_Group,
182659000003,125,Roman Originals - Gretna - 125,Gretna Gateway Village,Unit 50,Glasgow Road,Gretna,Gretna,Dumfriesshire,DG16 5GG,GBR,01461339455,Retail,01461339448,,,,,Ms,Angela,Robebtson,01461339455,,,Create_Group,
182659000003,126,Roman Originals - Evesham - 126,,Unit 4,Evesham Country Park,Evesham,Evesham,Worcestershire ,WR11 4TP,GBR,01386765941,Retail,01386429386,,,,,Ms,Clare,Gisbourne,01386765941,,,Create_Group,
182659000003,127,Roman Originals - Stoke-On-Trent - 127,Trentham Shopping Village,Unit 224,Stone Road,Stoke-On-Trent,Stoke-On-Trent,Staffordshire ,ST4 8AX,GBR,01782641571,Retail,01782658530,,,,,Ms,Sue,Armstrong,01782641571,,,Create_Group,
182659000003,128,Roman Originals - Gloucester - 128,Gloucester Quays Outlet,Unit 66a,St. Ann Way,Gloucester,Gloucester,Gloucestershire ,GL1 5SH,GBR,01452521513,Retail,01452521513,,,,,Ms,Suzanne,Davis,01452521513,,,Create_Group,
182659000003,131,Roman Originals - Brierley Hill - 131,,Unit L79,Merry Hill Centre,Brierley Hill,Brierley Hill,West Midlands,DY5 1SN,GBR,01384480901,Retail,0138474825,,,,,Ms,Angela,Hughes,01384480901,,,Create_Group,
182659000003,133,Roman Originals - Worcester - 133,Crowngate Shopping Centre,Unit c25,Chapel Walk ,Worcester,Worcester,Worcester,WR1 3LD,GBR,0190527468,Retail,0190525081,,,,,Ms,Kate,Ford,0190527468,,,Create_Group,
182659000003,134,Roman Originals - Lichfield - 134,,36,Baker'S Lane ,Lichfield,Lichfield,Staffordshire,WS13 6NG,GBR,01543256377,Retail,01543254122,,,,,Ms,Liz,Bramley,01543256377,,,Create_Group,
182659000003,135,Roman Originals - Bridgewater - 135,,28,Fore Street,Bridgewater,Bridgewater,Somerset,TA6 3NG,GBR,01278456994,Retail,01278456028,,,,,Ms,Sally,Pritchard,01278456994,,,Create_Group,
182659000003,347,Roman Originals - Kidderminster - 347,Unit 11 Roland Hill Shopping Centre,5,Vicars Street,Kidderminster,Kidderminster,Worcestershire,DY10 1EJ,GBR,01562752112,Retail,01562752112,,,,,Ms,Sharon,Barnett,01562752112,,,Create_Group,
182659000003,353,Roman Originals - St Mellons - 353,Blooms Garden Centre,,Newport Road ,St Mellons,St Mellons,Cardiff,CF3 2WJ,GBR,02920779519,Retail,02920779519,,,,,Ms,Marie,Fowler,02920779519,,,Create_Group,
182659000003,387,Roman Originals - New Market - 387,,Unit 68,The Guineas Shopping Center ,New Market,New Market,Suffolk ,CB8 8EQ,GBR,01638663473,Retail,01638663473,,,,,Ms,Michelle,Banks,01638663473,,,Create_Group,
182659000003,395,Roman Originals - Barnstaple - 395,,Unit 15,Green Lanes Shopping Centre,Barnstaple,Barnstaple,Devon,EX31 1UL,GBR,01271325739,Retail,01271325739,,,,,Ms,Janis,Gidman,01271325739,,,Create_Group,
182659000003,396,Roman Originals - Stafford - 396,Guildhall Shopping Centre,Unit 10,Market Square,Stafford,Stafford,Stafford,ST16 2BB,GBR,01785229787,Retail,01785229787,,,,,Ms,Lisa,Palak,01785229787,,,Create_Group,
182659000003,440,Roman Originals - Peterborough - 440,Peterborough Garden Park,Unit 7,Peterborough Road,Peterborough,Peterborough,Peterborough,PE1 4YZ,GBR,01733221548,Retail,01733221548,,,,,Ms,Tracy,Mcpherson,01733221548,,,Create_Group,
182659000003,445,Roman Originals - Sedlescombe - 445,Blackbrook Garden Centre,,New Road,Sedlescombe,Sedlescombe,East Sussex,TN33 0RJ,GBR,01424870617,Retail,01424870618,,,,,Ms,Pippa,Blackman,01424870617,,,Create_Group,
182659000003,454,Roman Originals - Bridgemere - 454,Bridgemere Garden World,,Bridgemere Garden World,Bridgemere,Bridgemere,Cheshire,CW5 7QB,GBR,01270 520875,Retail,01270 520875,,,,,Ms,Gill,Wilmott,01270 520875,,,Create_Group,
182659000003,455,Roman Originals - Morpeth - 455,Heighley Gate Garden Centre,,Heighley Gate Garden Centre,Morpeth,Morpeth,Northumberland,NE61 3DA,GBR,01424870617,Retail,01424870617,,,,,Ms,Sandra,White,01424870617,,,Create_Group,
182659000003,457,Roman Originals - Hereford - 457,Unit 31 Maylord Shopping Centre,3,Gomond Street ,Hereford,Hereford,Herefordshire,HR1 2DP,GBR,01432358350,Retail,01432356399,,,,,Ms,Lynne,Harris,01432358350,,,Create_Group,
182659000003,460,Roman Originals - Llandudno - 460,Unit 32 The Victoria Centre,48,Madoc Street,Llandudno,Llandudno,Conwy,LL30 2RH,GBR,01492872516,Retail,01492876068,,,,,Ms,Maria,Thomas,01492872516,,,Create_Group,
182659000003,461,Roman Originals - Aylesbury - 461,Friar Square Shopping Centre,Unit 28,Friar Street ,Aylesbury,Aylesbury,Buckinghamshire,HP20 2SP,GBR,01296431682,Retail,01213801912,,,,,Ms,Megan,Gwozdzicki,01296431682,,,Create_Group,
182659000003,485,Roman Originals - Corby - 485,,27,Newpost Office Square,Corby,Corby,Northamptonshire,NN17 1PB,GBR,01536269641,Retail,01536269641,,,,,Ms,Alexandra,Hughes,01536269641,,,Create_Group,
182659000003,488,Roman Originals - Kettering - 488,The Newlands Shopping Centre,Unit 3,Gold Street,Kettering,Kettering,Northamptonshire,NN16 8JL,GBR,01536485449,Retail,01536485449,,,,,Ms,Bev,Wills,01536485449,,,Create_Group,
182659000003,490,Roman Originals - Weston Super Mare - 490,Sovereign Centre,Unit 2,High St,Weston Super Mare,Weston Super Mare,Weston Super Mare,BS23 1HL,GBR,01934413130,Retail,0193413130,,,,,Ms,Mandi,May,01934413130,,,Create_Group,
182659000003,491,Roman Originals - Shrewsbury - 491,Pride Hall Shopping Centre,Unit 2,Pride Hall Shopping Centre,Shrewsbury,Shrewsbury,Shropshire,SY1 1BU,GBR,01743341808,Retail,01743341808,,,,,Ms,Debbie,Holdcroft,01743341808,,,Create_Group,
182659000003,493,Roman Originals - Bicester - 493,Bicester Avenue Garden Centre,,Oxford Road ,Bicester,Bicester,Oxfordshire,OX25 5NY,GBR,01869321995,Retail,01869321995,,,,,Ms,Bernadeta,Spendel,01869321995,,,Create_Group,
182659000003,494,Roman Originals - Sutton Coldfield - 494,,Unit 183,Gracechurch Shopping Centre,Sutton Coldfield,Sutton Coldfield,West Midlands,B72 1PA,GBR,01213552905,Retail,01213552905,,,,,Ms,Lucy,Little,01213552905,,,Create_Group,
182659000003,497,Roman Originals - Boscombe - 497,,Unit 23,The Sovereign Centre,Boscombe,Boscombe, Dorset,BH1 4SX,GBR,01202399916,Retail,01202399916,,,,,Ms,Neivyde,Jasutyte,01202399916,,,Create_Group,
182659000003,500,Roman Originals - Trowbridge - 500,,Unit 45,Shires Shopping Centre,Trowbridge,Trowbridge,Wiltshire,BA14 8AT,GBR,01225752591,Retail,01225752591,,,,,Mr,Mr,Manager,01225752591,,,Create_Group,
182659000003,506,Roman Originals - Southampton - 506,,Unit 3,Marlands Shopping Centre,Southampton,Southampton,Southampton,SO14 7SJ,GBR,02380234010,Retail,02380234010,,,,,Ms,Jade,Barlow,02380234010,,,Create_Group,
182659000003,507,Roman Originals - Solihull - 507,,5-6,Poplar Way,Solihull,Solihull,West Midlands,B91 3BX,GBR,01217095522,Retail,01217095523,,,,,Ms,Jannet,.,01217095522,,,Create_Group,
