billingLevel001,customerReferenceNumber,establishmentName,propertyName,propertyNumber,street,locality,town,county,postcode,country,telephoneNumber,businessTypeDescription,faxNumber,email,website,password,wifiVenueId,outletContactTitle,outletContactFirstName,outletContactSurname,outletContactTelephoneNumber,outletContactMobileNumber,outletContactEmailAddress,Action,Result
183995300003,,Metro Bank - Fulham,,Unit 3,Fulham Retail Centre,Fulham,Fulham,London,SW6 1BW,GBR,07780462956,Retail,,,,,,Mr,Luis,Aguiar,07780462956,07780462956,,Create_Group,
183995300003,,Metro Bank - Romford,Brewery Walk,,Waterloo Road,Romford,Romford,Essex,RM1 1AU,GBR,07780462956,Retail,,,,,,Mr,Luis,Aguiar,07780462956,07780462956,,Create_Group,
183995300003,,Metro Bank - Milton Keynes,,Unit E,Babage Gate,Milton Keynes,Milton Keynes,Buckinghamshire,MK10 9SU,GBR,07780462956,Retail,,,,,,Mr,Luis,Aguiar,07780462956,07780462956,,Create_Group,
183995300003,,Metro Bank - Windsor,,116-118,Peascod Street,Windsor,Windsor,Berkshire,SL4 1DP,GBR,07780462956,Retail,,,,,,Mr,Luis,Aguiar,07780462956,07780462956,,Create_Group,
183995300003,,Metro Bank - Hemel Hempstead,,56-58,Marlowes Centre,Hemel Hempstead,Hemel Hempstead,Hertfordshire,HP1 1DX,GBR,07780462956,Retail,,,,,,Mr,Luis,Aguiar,07780462956,07780462956,,Create_Group,
183995300003,,Metro Bank - Cheapside,Unit 3,120,Cheapside,London,London,London,EC2V 7JB,GBR,07780462956,Retail,,,,,,Mr,Luis,Aguiar,07780462956,07780462956,,Create_Group,
183995300003,,Metro Bank - Centrale Shopping Centre,,Unit 1-2,Centrale Shopping Centre,Croydon,Croydon,London,CR0 1TY,GBR,07780462956,Retail,,,,,,Mr,Luis,Aguiar,07780462956,07780462956,,Create_Group,
183995300003,,Metro Bank - Kensington High Street,,160-166 ,Kensington High Street,London,London,London,W8 7RG,GBR,07780462956,Retail,,,,,,Mr,Luis,Aguiar,07780462956,07780462956,,Create_Group,
183995300003,,Metro Bank - Tottenham Court Rd,,227-228 ,Tottenham Court Rd,London,London,London,W1T 7QF,GBR,07780462956,Retail,,,,,,Mr,Luis,Aguiar,07780462956,07780462956,,Create_Group,
183995300003,,Metro Bank - Borehamwood Shopping Park,,Unit 3E ,Theobold Street,Borehamwood,Borehamwood,London,WD6 4PR,GBR,07780462956,Retail,,,,,,Mr,Luis,Aguiar,07780462956,07780462956,,Create_Group,
183995300003,,Metro Bank - Bromley,,72-76,High Street,Bromley,Bromley,Kent,BR1 1EG,GBR,07780462956,Retail,,,,,,Mr,Luis,Aguiar,07780462956,07780462956,,Create_Group,
183995300003,,Metro Bank - Chiswick,,137-143 ,Chiswick High Road,London,London,London,W4 2ED,GBR,07780462956,Retail,,,,,,Mr,Luis,Aguiar,07780462956,07780462956,,Create_Group,
183995300003,,Metro Bank - The Townhouse,The Broadway,,Ealing,London,London,London,W6 6JN,GBR,07780462956,Retail,,,,,,Mr,Luis,Aguiar,07780462956,07780462956,,Create_Group,
183995300003,,Metro Bank - Earls Court,,247-249,Cromwell Road,London,London,London,Sw6 9GA,GBR,07780462956,Retail,,,,,,Mr,Luis,Aguiar,07780462956,07780462956,,Create_Group,
183995300003,,Metro Bank - Edgware,,Unit 1,The Broadwalk Centre,Edgware,Edgware,London,HA8 7BD,GBR,07780462956,Retail,,,,,,Mr,Luis,Aguiar,07780462956,07780462956,,Create_Group,
183995300003,,Metro Bank - Guildford,,35-39 ,North Street,Guildford,Guildford,Surrey,GU1 4TE,GBR,07780462956,Retail,,,,,,Mr,Luis,Aguiar,07780462956,07780462956,,Create_Group,
183995300003,,Metro Bank - High Wycombe,Unit 81/113,2,Eden Walk,High Wycombe,High Wycombe,Buckinghamshire,HP11 2AW,GBR,07780462956,Retail,,,,,,Mr,Luis,Aguiar,07780462956,07780462956,,Create_Group,
183995300003,,Metro Bank - High Holborn,,1,Southampton Row,London,London,London,WC1B 6HA,GBR,07780462956,Retail,,,,,,Mr,Luis,Aguiar,07780462956,07780462956,,Create_Group,
183995300003,,Metro Bank - Hounslow,,211-213,High Street,Hounslow,Hounslow,Middlesex,TW3 1BL,GBR,07780462956,Retail,,,,,,Mr,Luis,Aguiar,07780462956,07780462956,,Create_Group,
183995300003,,Metro Bank - Kingston,,64-66 ,Clarence Street,Kingston,Kingston,Surrey,KT1 1NP,GBR,07780462956,Retail,,,,,,Mr,Luis,Aguiar,07780462956,07780462956,,Create_Group,
183995300003,,Metro Bank - Milton Keynes,,44-46 ,Midsummer Arcade,Milton Keynes,Milton Keynes,Buckinghamshire,MK9 3BB,GBR,07780462956,Retail,,,,,,Mr,Luis,Aguiar,07780462956,07780462956,,Create_Group,
183995300003,,Metro Bank - Reading,,201,Broad Street Mall,Reading,Reading,Berkshire,RG1 7QA,GBR,07780462956,Retail,,,,,,Mr,Luis,Aguiar,07780462956,07780462956,,Create_Group,
183995300003,,Metro Bank - Slough,,2-24,Farnham Rd,Slough,Slough,Berkshire,Sl1 3TA,GBR,07780462956,Retail,,,,,,Mr,Luis,Aguiar,07780462956,07780462956,,Create_Group,
183995300003,,Metro Bank - Staines,Two River Retail ,,Mill Road,Staines,Staines,Middlesex,TW18 4WB,GBR,07780462956,Retail,,,,,,Mr,Luis,Aguiar,07780462956,07780462956,,Create_Group,
183995300003,,Metro Bank - Sutton,,83-87,High Street,Sutton,Sutton,Surrey,SM1 1JF,GBR,07780462956,Retail,,,,,,Mr,Luis,Aguiar,07780462956,07780462956,,Create_Group,
183995300003,,Metro Bank - US Embassy,,24,Grosvenor Square,London,London,London,W1K 6AH,GBR,07780462956,Retail,,,,,,Mr,Luis,Aguiar,07780462956,07780462956,,Create_Group,
183995300003,,Metro Bank - Uxbridge,Pavilions,60,High Street,Uxbridge,Uxbridge,Middlesex,UB8 1JP,GBR,07780462956,Retail,,,,,,Mr,Luis,Aguiar,07780462956,07780462956,,Create_Group,
