billingLevel001,customerReferenceNumber,establishmentName,propertyName,propertyNumber,street,locality,town,county,postcode,country,telephoneNumber,businessTypeDescription,faxNumber,email,website,password,wifiVenueId,outletContactTitle,outletContactFirstName,outletContactSurname,outletContactTelephoneNumber,outletContactMobileNumber,outletContactEmailAddress,Action,Result
100011300008,060,Boylesports Bookmakers,Unit 5,,Applewood Village,0, Swords,Co Dublin,,ROI,35318132044,Bookmakers,,0,www.boylesports.com,,,Mr ,A,Manager,1111111111,1111111111,0,CREATE_GROUP,
100011300008,127,Boylesports Bookmakers,Unit 1 & 2 ,Ayers Court, Dunmore Road,0, Ardkeen S.C,Co Waterford,,ROI,35351850782,Bookmakers,,0,www.boylesports.com,,,Mr ,A,Manager,1111111111,1111111111,0,CREATE_GROUP,
100011300008,027,Boylesports Bookmakers,,15-16,Baggot Road,0, Dublin 7,Co Dublin,,ROI,35318688122,Bookmakers,,0,www.boylesports.com,,,Mr ,A,Manager,1111111111,1111111111,0,CREATE_GROUP,
100011300008,277,Boylesports Bookmakers,Unit 5-6,,Balally SC, Sandyford,Dublin 16,Co Dublin,,ROI,35312953921,Bookmakers,,0,www.boylesports.com,,,Mr ,A,Manager,1111111111,1111111111,0,CREATE_GROUP,
100011300008,218,Boylesports Bookmakers,Unit 4,,Main Street,0, Ballincollig Town Centre,Co Cork,,ROI,353214877207,Bookmakers,,0,www.boylesports.com,,,Mr ,A,Manager,1111111111,1111111111,0,CREATE_GROUP,
100011300008,278,Boylesports Bookmakers,,,Ballybane Road,0, Galway,Co Galway,,ROI,35391755986,Bookmakers,,0,www.boylesports.com,,,Mr ,A,Manager,1111111111,1111111111,0,CREATE_GROUP,
100011300008,201,Boylesports Bookmakers,Unit 22,,Ballycummin SC,0, Raheen,Co Limerick,,ROI,35361225649,Bookmakers,,0,www.boylesports.com,,,Mr ,A,Manager,1111111111,1111111111,0,CREATE_GROUP,
100011300008,100,Boylesports Bookmakers,,283,Ballyfermot Road,0, Dublin 10,Co Dublin,,ROI,35316267508,Bookmakers,,0,www.boylesports.com,,,Mr ,A,Manager,1111111111,1111111111,0,CREATE_GROUP,
100011300008,140,Boylesports Bookmakers,Unit 8,,Pearse Square,0, Ballyphehane,Co Cork,,ROI,353214312256,Bookmakers,,0,www.boylesports.com,,,Mr ,A,Manager,1111111111,1111111111,0,CREATE_GROUP,
100011300008,037,Boylesports Bookmakers,Old Post Office,,Pearse Street,0, Bandon,Co Cork,,ROI,353002352590,Bookmakers,,0,www.boylesports.com,,,Mr ,A,Manager,1111111111,1111111111,0,CREATE_GROUP,
100011300008,279,Boylesports Bookmakers,,14,Bank Place,0, Tipperary,Co Tipperary,,ROI,3536280850,Bookmakers,,0,www.boylesports.com,,,Mr ,A,Manager,1111111111,1111111111,0,CREATE_GROUP,
100011300008,175,Boylesports Bookmakers,Unit 1 ,,Catherham Centre,0, Bishopstown,Co Cork,,ROI,353214545257,Bookmakers,,0,www.boylesports.com,,,Mr ,A,Manager,1111111111,1111111111,0,CREATE_GROUP,
100011300008,212,Boylesports Bookmakers,Former AIB,,Watercourse Road,0, Blackpool,Co Cork,,ROI,353214530685,Bookmakers,,0,www.boylesports.com,,,Mr ,A,Manager,1111111111,1111111111,0,CREATE_GROUP,
100011300008,228,Boylesports Bookmakers,Unit 54 & 55 ,,Blackpool SC, Blackpool, Cork,Co Cork,,ROI,353214308611,Bookmakers,,0,www.boylesports.com,,,Mr ,A,Manager,1111111111,1111111111,0,CREATE_GROUP,
100011300008,230,Boylesports Bookmakers,,16,Main Street,0,Blackrock,Co Dublin,,ROI,35312780810,Bookmakers,,0,www.boylesports.com,,,Mr ,A,Manager,1111111111,1111111111,0,CREATE_GROUP,
100011300008,082,Boylesports Bookmakers,The Crescent,,Main Street,0, Boyle,Co Roscommon,,ROI,353719664441,Bookmakers,,0,www.boylesports.com,,,Mr ,A,Manager,1111111111,1111111111,0,CREATE_GROUP,
100011300008,235,Boylesports Bookmakers,,30,Vevay Road,0, Bray,Co Wicklow,,ROI,35312865886,Bookmakers,,0,www.boylesports.com,,,Mr ,A,Manager,1111111111,1111111111,0,CREATE_GROUP,
100011300008,189,Boylesports Bookmakers,Unit 3,,Bryanstown Cross Route,0, Drogheda,Co Louth,,ROI,353419801976,Bookmakers,,0,www.boylesports.com,,,Mr ,A,Manager,1111111111,1111111111,0,CREATE_GROUP,
100011300008,139,Boylesports Bookmakers,,45A,Lower Camden Street,0, Dublin 2,Co Dublin,,ROI,35314763768,Bookmakers,,0,www.boylesports.com,,,Mr ,A,Manager,1111111111,1111111111,0,CREATE_GROUP,
100011300008,028,Boylesports Bookmakers,,1,Cannon Row,0, Navan,Co Meath,,ROI,353469075532,Bookmakers,,0,www.boylesports.com,,,Mr ,A,Manager,1111111111,1111111111,0,CREATE_GROUP,
100011300008,126,Boylesports Bookmakers,,49-50,Capel Street,0, Dublin 1 ,Co Dublin,,ROI,35318047269,Bookmakers,,0,www.boylesports.com,,,Mr ,A,Manager,1111111111,1111111111,0,CREATE_GROUP,
100011300008,036,Boylesports Bookmakers,Unit 7,,Tullow Road Shopping Centre,0,Carlow,Co Carlow,,ROI,353599133711,Bookmakers,,0,www.boylesports.com,,,Mr ,A,Manager,1111111111,1111111111,0,CREATE_GROUP,
100011300008,210,Boylesports Bookmakers,,13,Castle Street,0,Cork,Co Cork,,ROI,353214251715,Bookmakers,,0,www.boylesports.com,,,Mr ,A,Manager,1111111111,1111111111,0,CREATE_GROUP,
100011300008,044,Boylesports Bookmakers,,42,Main Street,0, Castleisland,Co Kerry,,ROI,353667143846,Bookmakers,,0,www.boylesports.com,,,Mr ,A,Manager,1111111111,1111111111,0,CREATE_GROUP,
100011300008,136,Boylesports Bookmakers,Unit 8/9,,Laurel Lodge Shopping Centre, Castleknock,Dublin 15,Co Dublin,,ROI,35316408838,Bookmakers,,0,www.boylesports.com,,,Mr ,A,Manager,1111111111,1111111111,0,CREATE_GROUP,
100011300008,174,Boylesports Bookmakers,Unit 3,,City West Shopping Centre, Fortunes Lane, Saggart,Co Dublin,,ROI,35314105840,Bookmakers,,0,www.boylesports.com,,,Mr ,A,Manager,1111111111,1111111111,0,CREATE_GROUP,
100011300008,207,Boylesports Bookmakers,The Square,,The Square,0, Clifden,Co Galway,,ROI,3539522893,Bookmakers,,0,www.boylesports.com,,,Mr ,A,Manager,1111111111,1111111111,0,CREATE_GROUP,
100011300008,238,Boylesports Bookmakers,,12,Harte's Courtyard,0, Clonakilty,Co Cork,,ROI,353238863134,Bookmakers,,0,www.boylesports.com,,,Mr ,A,Manager,1111111111,1111111111,0,CREATE_GROUP,
100011300008,032,Boylesports Bookmakers,Unit 9,,Newlands Cross S.C,0,Newlands Cross,Clondalkin,,ROI,35314593142,Bookmakers,,0,www.boylesports.com,,,Mr ,A,Manager,1111111111,1111111111,0,CREATE_GROUP,
100011300008,246,Boylesports Bookmakers,,37,Parnell Street,0, Clonmel,Co Tipperary,,ROI,353526182656,Bookmakers,,0,www.boylesports.com,,,Mr ,A,Manager,1111111111,1111111111,0,CREATE_GROUP,
100011300008,255,Boylesports Bookmakers,,197,Clontarf Road,  Clontarf,Dublin 3,Co Dublin,,ROI,35318532589,Bookmakers,,0,www.boylesports.com,,,Mr ,A,Manager,1111111111,1111111111,0,CREATE_GROUP,
100011300008,129,Boylesports Bookmakers,,12,Middleton Street,0, Cobh,Co Cork,,ROI,353214813926,Bookmakers,,0,www.boylesports.com,,,Mr ,A,Manager,1111111111,1111111111,0,CREATE_GROUP,
100011300008,234,Boylesports Bookmakers,,71, Collins Avenue, Donnycarney,Dublin 7,Co Dublin,,ROI,35318328886,Bookmakers,,0,www.boylesports.com,,,Mr ,A,Manager,1111111111,1111111111,0,CREATE_GROUP,
100011300008,056,Boylesports Bookmakers,,15,St Agnes Road, Crumlin,Dublin 12,Co Dublin,,ROI,35314555723,Bookmakers,,0,www.boylesports.com,,,Mr ,A,Manager,1111111111,1111111111,0,CREATE_GROUP,
100011300008,283,Boylesports Bookmakers,,29-30,Dame Street,0, Dublin 2,Co Dublin,,ROI,35316729924,Bookmakers,,0,www.boylesports.com,,,Mr ,A,Manager,1111111111,1111111111,0,CREATE_GROUP,
100011300008,045,Boylesports Bookmakers,,,Donabate Shopping Centre,0, Donabate,Co Dublin,,ROI,35318436817,Bookmakers,,0,www.boylesports.com,,,Mr ,A,Manager,1111111111,1111111111,0,CREATE_GROUP,
100011300008,005,Boylesports Bookmakers,,36,Lower Dorset Street,0, Dublin 1,Co Dublin,,ROI,35318366124,Bookmakers,,0,www.boylesports.com,,,Mr ,A,Manager,1111111111,1111111111,0,CREATE_GROUP,
100011300008,113,Boylesports Bookmakers,Unit 3,, Ardfallon Mall,0,Douglas,Co Cork,,ROI,353214292153,Bookmakers,,0,www.boylesports.com,,,Mr ,A,Manager,1111111111,1111111111,0,CREATE_GROUP,
100011300008,196,Boylesports Bookmakers,Ruby Jones Premises,, Church Street,0,Douglas,Co Cork,,ROI,353214368942,Bookmakers,,0,www.boylesports.com,,,Mr ,A,Manager,1111111111,1111111111,0,CREATE_GROUP,
100011300008,191,Boylesports Bookmakers,Unit 2 ,,Drogheda Retail Centre, Rathmullen Rd,Drogheda,Co Louth,,ROI,353419871865,Bookmakers,,0,www.boylesports.com,,,Mr ,A,Manager,1111111111,1111111111,0,CREATE_GROUP,
100011300008,284,Boylesports Bookmakers,,48b,Lower Drumcondra Road,0, Dublin 9,Co Dublin,,ROI,35318300463,Bookmakers,,0,www.boylesports.com,,,Mr ,A,Manager,1111111111,1111111111,0,CREATE_GROUP,
100011300008,250,Boylesports Bookmakers,,,Duffry Hill,0, Enniscorthy,Co Wexford,,ROI,353539243310,Bookmakers,,0,www.boylesports.com,,,Mr ,A,Manager,1111111111,1111111111,0,CREATE_GROUP,
100011300008,007,Boylesports Bookmakers,,,Ann Street,0, Dundalk,Co Louth,,ROI,353429339773,Bookmakers,,0,www.boylesports.com,,,Mr ,A,Manager,1111111111,1111111111,0,CREATE_GROUP,
100011300008,033,Boylesports Bookmakers,,2,Arbourfield Terrace, Dundrum,Dublin 14,Co Dublin,,ROI,35312986285,Bookmakers,,0,www.boylesports.com,,,Mr ,A,Manager,1111111111,1111111111,0,CREATE_GROUP,
100011300008,197,Boylesports Bookmakers,,,Main Street,0, Dunshaughlin,Co Meath,,ROI,35318024912,Bookmakers,,0,www.boylesports.com,,,Mr ,A,Manager,1111111111,1111111111,0,CREATE_GROUP,
100011300008,008,Boylesports Bookmakers,,27,JKL Street,0, Edenderry,Co Offaly,,ROI,353469731289,Bookmakers,,0,www.boylesports.com,,,Mr ,A,Manager,1111111111,1111111111,0,CREATE_GROUP,
100011300008,135,Boylesports Bookmakers,,3,Edward Street,0,Tralee,Co.Kerry.,,ROI,353667121619,Bookmakers,,0,www.boylesports.com,,,Mr ,A,Manager,1111111111,1111111111,0,CREATE_GROUP,
100011300008,009,Boylesports Bookmakers,Unit 10, Slaney House,Templeshannon Quay,0,Enniscorthy,Enniscorthy,,ROI,353539234138,Bookmakers,,0,www.boylesports.com,,,Mr ,A,Manager,1111111111,1111111111,0,CREATE_GROUP,
100011300008,042,Boylesports Bookmakers,,5,Pearse Square,0, Fermoy,Co Cork,,ROI,3532549752,Bookmakers,,0,www.boylesports.com,,,Mr ,A,Manager,1111111111,1111111111,0,CREATE_GROUP,
100011300008,023,Boylesports Bookmakers,,8,Main Street, Finglas,Dublin 11,Co Dublin,,ROI,35318346092,Bookmakers,,0,www.boylesports.com,,,Mr ,A,Manager,1111111111,1111111111,0,CREATE_GROUP,
100011300008,254,Boylesports Bookmakers,,64,Main Street,0, Dublin 11,Co Dublin,,ROI,35318140767,Bookmakers,,0,www.boylesports.com,,,Mr ,A,Manager,1111111111,1111111111,0,CREATE_GROUP,
100011300008,192,Boylesports Bookmakers,Unit 1,,"Finglas Retail Centre, St Margarets Park",Finglas,Dublin 11,Co Dublin,,ROI,353001 8644755,Bookmakers,,0,www.boylesports.com,,,Mr ,A,Manager,1111111111,1111111111,0,CREATE_GROUP,
100011300008,195,Boylesports Bookmakers,,20,Thomas Street,0, Gorey,Co Wexford,,ROI,353539430941,Bookmakers,,0,www.boylesports.com,,,Mr ,A,Manager,1111111111,1111111111,0,CREATE_GROUP,
100011300008,106,Boylesports Bookmakers,,107,Grafton Street,0, Dublin 2,Co Dublin,,ROI,35318814022,Bookmakers,,0,www.boylesports.com,,,Mr ,A,Manager,1111111111,1111111111,0,CREATE_GROUP,
100011300008,289,Boylesports Bookmakers,,,Greenhills Road, Tallaght,Dublin 24,Co Dublin,,ROI,35314516709,Bookmakers,,0,www.boylesports.com,,,Mr ,A,Manager,1111111111,1111111111,0,CREATE_GROUP,
100011300008,176,Boylesports Bookmakers,Unit 6,,Charlesland Community Facilty, Charlesland, Greystones,Co Wicklow,,ROI,35312010879,Bookmakers,,0,www.boylesports.com,,,Mr ,A,Manager,1111111111,1111111111,0,CREATE_GROUP,
100011300008,204,Boylesports Bookmakers,Unit 8 ,,Sandhills SC, Hacketstown Road,Carlow,Co Carlow,,ROI,353599135067,Bookmakers,,0,www.boylesports.com,,,Mr ,A,Manager,1111111111,1111111111,0,CREATE_GROUP,
100011300008,166,Boylesports Bookmakers,Unit 1 ,,Hartstown SC, Castleknock,Dublin 15,Co Dublin,,ROI,35318235858,Bookmakers,,0,www.boylesports.com,,,Mr ,A,Manager,1111111111,1111111111,0,CREATE_GROUP,
100011300008,152,Boylesports Bookmakers,Unit 5 ,,Johnstown Centre,0, Navan,Co Meath,,ROI,353469091667,Bookmakers,,0,www.boylesports.com,,,Mr ,A,Manager,1111111111,1111111111,0,CREATE_GROUP,
100011300008,242,Boylesports Bookmakers,,,Strand Street,0, Kanturk,Co Cork,,ROI,3532951148,Bookmakers,,0,www.boylesports.com,,,Mr ,A,Manager,1111111111,1111111111,0,CREATE_GROUP,
100011300008,073,Boylesports Bookmakers,,,Farrell Street,0,Kells,Co Meath,,ROI,353469247745,Bookmakers,,0,www.boylesports.com,,,Mr ,A,Manager,1111111111,1111111111,0,CREATE_GROUP,
100011300008,131,Boylesports Bookmakers,Unit 1,,Charter Buildings, Kennedy Rd,Navane,Co Meath ,,ROI,353469074678,Bookmakers,,0,www.boylesports.com,,,Mr ,A,Manager,1111111111,1111111111,0,CREATE_GROUP,
100011300008,052,Boylesports Bookmakers,,,The Square, Kildare Town,Kildate,Co Kildare,,ROI,35345530390,Bookmakers,,0,www.boylesports.com,,,Mr ,A,Manager,1111111111,1111111111,0,CREATE_GROUP,
100011300008,064,Boylesports Bookmakers,,73/74,Upper Partrick Street,0, Kilkenny,Co Kilkenny,,ROI,353567790003,Bookmakers,,0,www.boylesports.com,,,Mr ,A,Manager,1111111111,1111111111,0,CREATE_GROUP,
100011300008,243,Boylesports Bookmakers,,,Junction of Sarsfield St & Wolfetone St,0, Kilmallock,Co Limerick,,ROI,3536320715,Bookmakers,,0,www.boylesports.com,,,Mr ,A,Manager,1111111111,1111111111,0,CREATE_GROUP,
100011300008,183,Boylesports Bookmakers,Unit B,21-23,Sundrive Road, Kimmage,Dublin 12,Co Dublin,,ROI,35314922036,Bookmakers,,0,www.boylesports.com,,,Mr ,A,Manager,1111111111,1111111111,0,CREATE_GROUP,
100011300008,285,Boylesports Bookmakers,,205,Le fanu Road, Ballyfermot,Dublin 10,Co Dublin,,ROI,35316298014,Bookmakers,,0,www.boylesports.com,,,Mr ,A,Manager,1111111111,1111111111,0,CREATE_GROUP,
100011300008,167,Boylesports Bookmakers,Unit 4,,River Forest Court, River Forest SC,Leixlip,Co Kildare,,ROI,35316242032,Bookmakers,,0,www.boylesports.com,,,Mr ,A,Manager,1111111111,1111111111,0,CREATE_GROUP,
100011300008,130,Boylesports Bookmakers,,54/55,Upper William Street,0, Limerick,Co Limerick,,ROI,35361413161,Bookmakers,,0,www.boylesports.com,,,Mr ,A,Manager,1111111111,1111111111,0,CREATE_GROUP,
100011300008,142,Boylesports Bookmakers,Market Square,,Main Street,0,Longford,Co Lonford,,ROI,353433349767,Bookmakers,,0,www.boylesports.com,,,Mr ,A,Manager,1111111111,1111111111,0,CREATE_GROUP,
100011300008,011,Boylesports Bookmakers,,2B,Main Street,0, Lucan,Co Dubline,,ROI,35316281677,Bookmakers,,0,www.boylesports.com,,,Mr ,A,Manager,1111111111,1111111111,0,CREATE_GROUP,
100011300008,090,Boylesports Bookmakers,,2,South Square,0, Macroom,Co Cork,,ROI,3532620778,Bookmakers,,0,www.boylesports.com,,,Mr ,A,Manager,1111111111,1111111111,0,CREATE_GROUP,
100011300008,119,Boylesports Bookmakers,,73,Davis Road,0, Mallow,Co Cork,,ROI,3532243355,Bookmakers,,0,www.boylesports.com,,,Mr ,A,Manager,1111111111,1111111111,0,CREATE_GROUP,
100011300008,143,Boylesports Bookmakers,,11,Old Youghal Road,0,Cork,Co Cork,,ROI,353214530835,Bookmakers,,0,www.boylesports.com,,,Mr ,A,Manager,1111111111,1111111111,0,CREATE_GROUP,
100011300008,178,Boylesports Bookmakers,Unit 1/2,,Glenroyal SC,0, Maynooth,Co Kildare,,ROI,35316106600,Bookmakers,,0,www.boylesports.com,,,Mr ,A,Manager,1111111111,1111111111,0,CREATE_GROUP,
100011300008,169,Boylesports Bookmakers,Unit 4/5,,Meakestown Centre, Finglas,Dublin 11,Co Dubline,,ROI,35318362766,Bookmakers,,0,www.boylesports.com,,,Mr ,A,Manager,1111111111,1111111111,0,CREATE_GROUP,
100011300008,013,Boylesports Bookmakers,,4-5,Meath Mart,Meath Street,Dublin 8,Co Dublin,,ROI,35314536377,Bookmakers,,0,www.boylesports.com,,,Mr ,A,Manager,1111111111,1111111111,0,CREATE_GROUP,
100011300008,059,Boylesports Bookmakers,,37,Main Street,0, Middleton,Co Cork,,ROI,353214638146,Bookmakers,,0,www.boylesports.com,,,Mr ,A,Manager,1111111111,1111111111,0,CREATE_GROUP,
100011300008,171,Boylesports Bookmakers,Unit 12/13 ,,Mill Road,0, Midleton,Co Cork,,ROI,353214638517,Bookmakers,,0,www.boylesports.com,,,Mr ,A,Manager,1111111111,1111111111,0,CREATE_GROUP,
100011300008,157,Boylesports Bookmakers,,4,New Square,0, Mitchelstown,Co Cork,,ROI,3532541968,Bookmakers,,0,www.boylesports.com,,,Mr ,A,Manager,1111111111,1111111111,0,CREATE_GROUP,
100011300008,261,Boylesports Bookmakers,,27a,Monkstown Farm,0, Dun Laoghaire,Co Dublin,,ROI,35312020333,Bookmakers,,0,www.boylesports.com,,,Mr ,A,Manager,1111111111,1111111111,0,CREATE_GROUP,
100011300008,177,Boylesports Bookmakers,Unit 5,,"The Crescent, Church Road",Mulhuddart,Dublin 15,Co Dublin,,ROI,35316408995,Bookmakers,,0,www.boylesports.com,,,Mr ,A,Manager,1111111111,1111111111,0,CREATE_GROUP,
100011300008,239,Boylesports Bookmakers,35/37,35/37,Dominic Street,0,Mullingar,Co Westmeath,,ROI,353449335600,Bookmakers,,0,www.boylesports.com,,,Mr ,A,Manager,1111111111,1111111111,0,CREATE_GROUP,
100011300008,159,Boylesports Bookmakers,,6,South Main Street,0, Naas,Co Kildare,,ROI,35345898030,Bookmakers,,0,www.boylesports.com,,,Mr ,A,Manager,1111111111,1111111111,0,CREATE_GROUP,
100011300008,014,Boylesports Bookmakers,,28,Watergate Street,0, Navan,Co Meath,,ROI,353469023842,Bookmakers,,0,www.boylesports.com,,,Mr ,A,Manager,1111111111,1111111111,0,CREATE_GROUP,
100011300008,022,Boylesports Bookmakers,,74 & 74A,Silver Street,0,  Nenagh,Co Tipperary,,ROI,3536734722,Bookmakers,,0,www.boylesports.com,,,Mr ,A,Manager,1111111111,1111111111,0,CREATE_GROUP,
100011300008,205,Boylesports Bookmakers,,,New Street,0, Killarney,Co Kerry,,ROI,353646620692,Bookmakers,,0,www.boylesports.com,,,Mr ,A,Manager,1111111111,1111111111,0,CREATE_GROUP,
100011300008,043,Boylesports Bookmakers,,,Henry Street,0, Newbridge,Co Kildare,,ROI,35345435505,Bookmakers,,0,www.boylesports.com,,,Mr ,A,Manager,1111111111,1111111111,0,CREATE_GROUP,
100011300008,115,Boylesports Bookmakers,,41,Bishops Street,0, Newcastlewest,Co Limerick,,ROI,3536966007,Bookmakers,,0,www.boylesports.com,,,Mr ,A,Manager,1111111111,1111111111,0,CREATE_GROUP,
100011300008,211,Boylesports Bookmakers,Unit 2,,Parnell Plaza, Parnell St,Dublin 1,Co Dublin,,ROI,35318749633,Bookmakers,,0,www.boylesports.com,,,Mr ,A,Manager,1111111111,1111111111,0,CREATE_GROUP,
100011300008,251,Boylesports Bookmakers,,,Patrick's Street,0, Tullamore,Co Offaly,,ROI,353579323688,Bookmakers,,0,www.boylesports.com,,,Mr ,A,Manager,1111111111,1111111111,0,CREATE_GROUP,
100011300008,241,Boylesports Bookmakers,Unit 3,,Ballyanrahan,0,Patrickswell,Co Limerick,,ROI,35361215533,Bookmakers,,0,www.boylesports.com,,,Mr ,A,Manager,1111111111,1111111111,0,CREATE_GROUP,
100011300008,286,Boylesports Bookmakers,,95,Pearse Street,0, Dublin 2,Co Dublin,,ROI,35316798385,Bookmakers,,0,www.boylesports.com,,,Mr ,A,Manager,1111111111,1111111111,0,CREATE_GROUP,
100011300008,147,Boylesports Bookmakers,Pelican House,,Main Street,0, Carrigaline,Co Cork,,ROI,353214834345,Bookmakers,,0,www.boylesports.com,,,Mr ,A,Manager,1111111111,1111111111,0,CREATE_GROUP,
100011300008,024,Boylesports Bookmakers,,69,Phibsboro Road,0, Dublin 7,Co Dublin,,ROI,35318307717,Bookmakers,,0,www.boylesports.com,,,Mr ,A,Manager,1111111111,1111111111,0,CREATE_GROUP,
100011300008,016,Boylesports Bookmakers,,34,Main Street,0, Portlaoise,Co Laois,,ROI,353578681927,Bookmakers,,0,www.boylesports.com,,,Mr ,A,Manager,1111111111,1111111111,0,CREATE_GROUP,
100011300008,025,Boylesports Bookmakers,,98,Ranelagh,0, Dublin 6,Co Dublin,,ROI,35314972310,Bookmakers,,0,www.boylesports.com,,,Mr ,A,Manager,1111111111,1111111111,0,CREATE_GROUP,
100011300008,114,Boylesports Bookmakers,,42/43,Main Street, Rathfarnham,Dublin 14,Co Dublin,,ROI,35314905733,Bookmakers,,0,www.boylesports.com,,,Mr ,A,Manager,1111111111,1111111111,0,CREATE_GROUP,
100011300008,029,Boylesports Bookmakers,,104,Rathgar Road,0, Dublin 6,Co Dublin,,ROI,35314903624,Bookmakers,,0,www.boylesports.com,,,Mr ,A,Manager,1111111111,1111111111,0,CREATE_GROUP,
100011300008,121,Boylesports Bookmakers,Castle Court,,Rock Street,0,Tralee,Co Kerry,,ROI,353667117893,Bookmakers,,0,www.boylesports.com,,,Mr ,A,Manager,1111111111,1111111111,0,CREATE_GROUP,
100011300008,185,Boylesports Bookmakers,Unit 1 ,,Park House, Main St,Roscommon,Co Roscommon,,ROI,353906627591,Bookmakers,,0,www.boylesports.com,,,Mr ,A,Manager,1111111111,1111111111,0,CREATE_GROUP,
100011300008,236,Boylesports Bookmakers,,,Main Street,0, Roscrea ,Co Tipperary,,ROI,35350523266,Bookmakers,,0,www.boylesports.com,,,Mr ,A,Manager,1111111111,1111111111,0,CREATE_GROUP,
100011300008,162,Boylesports Bookmakers,Unit 4 & 5,,Roslevan SC,0, Ennis,Co Clare,,ROI,353656891155,Bookmakers,,0,www.boylesports.com,,,Mr ,A,Manager,1111111111,1111111111,0,CREATE_GROUP,
100011300008,184,Boylesports Bookmakers,Unit 2,,"Boardwalk, Omni Park SC",Santry,Dublin 9,Co Dublin,,ROI,35318527985,Bookmakers,,0,www.boylesports.com,,,Mr ,A,Manager,1111111111,1111111111,0,CREATE_GROUP,
100011300008,017,Boylesports Bookmakers,,61,Scarlet Street,0, Drogheda,Co Louth,,ROI,353419838575,Bookmakers,,0,www.boylesports.com,,,Mr ,A,Manager,1111111111,1111111111,0,CREATE_GROUP,
100011300008,038,Boylesports Bookmakers,,15,Main Street,0, Shankill,Co Dublin,,ROI,35312005288,Bookmakers,,0,www.boylesports.com,,,Mr ,A,Manager,1111111111,1111111111,0,CREATE_GROUP,
100011300008,047,Boylesports Bookmakers,,19,Strand Street,0, Skerries,Co Dublin,,ROI,35318492646,Bookmakers,,0,www.boylesports.com,,,Mr ,A,Manager,1111111111,1111111111,0,CREATE_GROUP,
100011300008,186,Boylesports Bookmakers,Unit 6,,Skerries Point SC,0, Skerries,Co Dublin,,ROI,35318105752,Bookmakers,,0,www.boylesports.com,,,Mr ,A,Manager,1111111111,1111111111,0,CREATE_GROUP,
100011300008,081,Boylesports Bookmakers,Unit 2,,Blackwood Mews, Rockwood Parade,Sligo,Co Sligo,,ROI,353719143371,Bookmakers,,0,www.boylesports.com,,,Mr ,A,Manager,1111111111,1111111111,0,CREATE_GROUP,
100011300008,094,Boylesports Bookmakers,,12,Lower Kilmacud Road,0, Stillorgan,Co Dublin ,,ROI,35312780015,Bookmakers,,0,www.boylesports.com,,,Mr ,A,Manager,1111111111,1111111111,0,CREATE_GROUP,
100011300008,259,Boylesports Bookmakers,,17,Manor Street, Stoneybatter,Dublin 7,Co Dublin,,ROI,35316790073,Bookmakers,,0,www.boylesports.com,,,Mr ,A,Manager,1111111111,1111111111,0,CREATE_GROUP,
100011300008,035,Boylesports Bookmakers,,23,Main Street,0, Swords,Co Dublin,,ROI,35318406924,Bookmakers,,0,www.boylesports.com,,,Mr ,A,Manager,1111111111,1111111111,0,CREATE_GROUP,
100011300008,187,Boylesports Bookmakers,,48,Main Street,0,Swords,Co Dublin,,ROI,35318904138,Bookmakers,,0,www.boylesports.com,,,Mr ,A,Manager,1111111111,1111111111,0,CREATE_GROUP,
100011300008,155,Boylesports Bookmakers,Unit 3,,Belgard Square, Tallaght,Dublin 24,Co Dublin,,ROI,35314598231,Bookmakers,,0,www.boylesports.com,,,Mr ,A,Manager,1111111111,1111111111,0,CREATE_GROUP,
100011300008,080,Boylesports Bookmakers,,182,The Faythe,0,Wexford Town,Co Wexford,,ROI,353539146122,Bookmakers,,0,www.boylesports.com,,,Mr ,A,Manager,1111111111,1111111111,0,CREATE_GROUP,
100011300008,203,Boylesports Bookmakers,Unit 4 ,,The Graigue SC,0, Graiguecullen,Co Carlow,,ROI,353599179648,Bookmakers,,0,www.boylesports.com,,,Mr ,A,Manager,1111111111,1111111111,0,CREATE_GROUP,
100011300008,172,Boylesports Bookmakers,Unit 2,,The Grange SC,0, Douglas,Co Cork,,ROI,353214898159,Bookmakers,,0,www.boylesports.com,,,Mr ,A,Manager,1111111111,1111111111,0,CREATE_GROUP,
100011300008,217,Boylesports Bookmakers,Unit 3 & 4 ,,The Reeks SC,0, Killarney,Co kerry,,ROI,353646634886,Bookmakers,,0,www.boylesports.com,,,Mr ,A,Manager,1111111111,1111111111,0,CREATE_GROUP,
100011300008,229,Boylesports Bookmakers,,7,Liberty Square,0, Thurles,Co Tipperary,,ROI,35350458579,Bookmakers,,0,www.boylesports.com,,,Mr ,A,Manager,1111111111,1111111111,0,CREATE_GROUP,
100011300008,160,Boylesports Bookmakers,,,High Street,0, Trim,Co Meath,,ROI,353469436637,Bookmakers,,0,www.boylesports.com,,,Mr ,A,Manager,1111111111,1111111111,0,CREATE_GROUP,
100011300008,020,Boylesports Bookmakers,,9,Trinity Street,0, Drogheda,Co Louth,,ROI,353419845357,Bookmakers,,0,www.boylesports.com,,,Mr ,A,Manager,1111111111,1111111111,0,CREATE_GROUP,
100011300008,067,Boylesports Bookmakers,Kilcurrivard,, Temple Jarlath Court,0,Tuam,Co Galway,,ROI,3539327232,Bookmakers,,0,www.boylesports.com,,,Mr ,A,Manager,1111111111,1111111111,0,CREATE_GROUP,
100011300008,039,Boylesports Bookmakers,,24,William Street,0, Tullamore,Co Offaly. ,,ROI,3530579341477,Bookmakers,,0,www.boylesports.com,,,Mr ,A,Manager,1111111111,1111111111,0,CREATE_GROUP,
100011300008,262,Boylesports Bookmakers,,121,Tullow Street,0, Carlow,Co Carlow,,ROI,3530599137728,Bookmakers,,0,www.boylesports.com,,,Mr ,A,Manager,1111111111,1111111111,0,CREATE_GROUP,
100011300008,154,Boylesports Bookmakers,Unit 3,,Watch House Cross S.C.,0,Limerick,Co Limerick,,ROI,353061322571,Bookmakers,,0,www.boylesports.com,,,Mr ,A,Manager,1111111111,1111111111,0,CREATE_GROUP,
100011300008,118,Boylesports Bookmakers,,6,Westmoreland Street,0,Dublin 2 ,Co Dublin,,ROI,353016710180,Bookmakers,,0,www.boylesports.com,,,Mr ,A,Manager,1111111111,1111111111,0,CREATE_GROUP,
100011300008,098,Boylesports Bookmakers,,,Westside Shopping Centre,0,Galway,Co Galway,,ROI,353091525320,Bookmakers,,0,www.boylesports.com,,,Mr ,A,Manager,1111111111,1111111111,0,CREATE_GROUP,
100011300008,019,Boylesports Bookmakers,,91,Swords Road, Whitehall,Dublin 9,Co Dublin,,ROI,353018367418,Bookmakers,,0,www.boylesports.com,,,Mr ,A,Manager,1111111111,1111111111,0,CREATE_GROUP,
100011300008,079,Boylesports Bookmakers,,,Whitemill Road,0, Wexford,Co Wexford,,ROI,3530539140689,Bookmakers,,0,www.boylesports.com,,,Mr ,A,Manager,1111111111,1111111111,0,CREATE_GROUP,
100011300008,134,Boylesports Bookmakers,,10/11,Yellow Road,0,Waterford,Co Waterford,,ROI,353051876532,Bookmakers,,0,www.boylesports.com,,,Mr ,A,Manager,1111111111,1111111111,0,CREATE_GROUP,
,,,,,,,,,,,,,,,,,,,,,,,,,
