billingLevel001,customerReferenceNumber,establishmentName,propertyName,propertyNumber,street,locality,town,county,postcode,country,telephoneNumber,businessTypeDescription,faxNumber,email,website,password,wifiVenueId,outletContactTitle,outletContactFirstName,outletContactSurname,outletContactTelephoneNumber,outletContactMobileNumber,outletContactEmailAddress,Action,Result
1.81E+11,103/01,KFC - Lansdowne,Royal London House,03-May,Holdenhurst Road,a,Bournemouth,Dorset,BH8 8AA,GBR,1202553192,Restaurant,,,,,,Mr,Said ,Said ,1202553192,,,Create_Group,
1.81E+11,103/02,KFC - Christchurch,,182,Barrack Road,a,Christchurch,Dorset,BH23 2BQ,GBR,1202486916,Restaurant,,,,,,Mr,Brian,Brian,1202486916,,,Create_Group,
1.81E+11,103/05,KFC - Parkstone,,405-407,"Ashley Road, Parkstone",a,POOLE,Dorset,BH14 0AX,GBR,1202748441,Restaurant,,,,,,Mr,Shaji,Shaji,1202748441,,,Create_Group,
1.81E+11,103/04,KFC - Winton,,460,Wimborne Road,a,Bournemouth,Dorset,BH9 2EY,GBR,1202518163,Restaurant,,,,,,Mr,Stephen,Stephen,1202518163,,,Create_Group,
1.81E+11,103/03,KFC - Poole,,78-79,Dolphin Centre,a,POOLE,Dorset,BH15 1SZ,GBR,1202668908,Restaurant,,,,,,Mr,Aneesh,Aneesh,1202668908,,,Create_Group,
1.81E+11,103/27,KFC - Tower Park,,Unit R1-C,Tower Park,a,POOLE,Dorset,BH12 4NY,GBR,1202717173,Restaurant,,,,,,Ms,Beck,Beck,1202717173,,,Create_Group,
1.81E+11,103/26,KFC - Lyndhurst Rd,KFC,,Lyndhurst Road,a,Christchurch,Dorset,BH23 4SB,GBR,1425280277,Restaurant,,,,,,Mr,Mohamed,Mohamed,1425280277,,,Create_Group,
1.81E+11,103/20,KFC - Weymouth,,2b,Jubilee Close,a,Weymouth,Dorset,DT4 7BG,GBR,1305759750,Restaurant,,,,,,Mr,Manohar,Manohar,1305759750,,,Create_Group,
1.81E+11,103/29,KFC - Triangle,,59-61,Commercial Road,a,Bournemouth,Dorset,BH2 5RY,GBR,1202555402,Restaurant,,,,,,Ms,Jolanta,Jolanta,1202555402,,,Create_Group,
1.81E+11,103/30,KFC - Boscome,,577,Christchurch Road,a,Bournemouth,Dorset,BH1 4AP,GBR,1202309361,Restaurant,,,,,,Mr,Daniel,Daniel,1202309361,,,Create_Group,
1.81E+11,103/31,KFC - Shaftsbury,KFC,,Ivy Cross,a,Shaftesbury,Dorset,SP7 8DS,GBR,1747851776,Restaurant,,,,,,Mr,Andrei,Andrei,1747851776,,,Create_Group,
1.81E+11,,KFC - Ferndown,,537,Ringwood Rd,a,Ferndown,,BH22 9AH,GBR,1202875102,Restaurant,,,,,,Ms,Eler,Eler,1202875102,,,Create_Group,
1.81E+11,103/10,KFC - Dover,,13-14,Market Square,a,Dover,Kent,CT16 1NX,GBR,1304241834,Restaurant,,,,,,Mr,Anil,Anil,1304241834,,,Create_Group,
1.81E+11,103/11,KFC - Sandgate Rd,,88,Sandgate Road,a,Folkestone,Kent,CT20 2AA,GBR,1303220676,Restaurant,,,,,,Mr,Jacob,Jacob,1303220676,,,Create_Group,
1.81E+11,103/18,KFC - Eureka,Unit 7,,Trinity Road,a,Ashford,Kent,TN25 4AB,GBR,1233663138,Restaurant,,,,,,Mr,Mithat,Mithat,1233663138,,,Create_Group,
1.81E+11,103/19,KFC - Broadstairs,Westwood Retail Park, ,Westwood Road,a,Broadstairs,Kent,CT10 2AL,GBR,1843600256,Restaurant,,,,,,Mr,James,James,1843600256,,,Create_Group,
1.81E+11,103/24,KFC - Margate,,49,High Street,a,MARGATE,Kent,CT9 1DX,GBR,1843220135,Restaurant,,,,,,Ms,Katarzyna,Katarzyna,1843220135,,,Create_Group,
1.81E+11,103/22,KFC - Ramsgate,,04-Jun,Queen Street,a,RAMSGATE,Kent,CT11 9DR,GBR,1843587960,Restaurant,,,,,,Mr,Chandran,Chandran,1843587960,,,Create_Group,
1.81E+11,103/23,KFC - Ashford Town Centre,,7,High Street,a,Ashford,Kent,TN24 8TH,GBR,1233650088,Restaurant,,,,,,Mr,Swapnil,Swapnil,1233650088,,,Create_Group,
1.81E+11,103/12,KFC - Horsham,,24,Bishopric,a,HORSHAM,West Sussex,RH12 1QN,GBR,1403256634,Restaurant,,,,,,Mr,Mahmooth,Mahmooth,1403256634,,,Create_Group,
1.81E+11,103/13,KFC - Worthing,,38,South Street,a,Worthing,West Sussex,BN11 3AA,GBR,1903213055,Restaurant,,,,,,Mr,Topaz,Topaz,1903213055,,,Create_Group,
1.81E+11,103/14,KFC - London Rd,,22-23,London Road,a,Brighton,East Sussex,BN1 4JB,GBR,1273691598,Restaurant,,,,,,Mr,Michael,Michael,1273691598,,,Create_Group,
1.81E+11,103/15,KFC - Portslade,,75,Boundary Road,a,Portslade,East Sussex,BN3 5TE,GBR,1273413580,Restaurant,,,,,,Mr,Nader,Nader,1273413580,,,Create_Group,
1.81E+11,103/21,KFC - Chichester,Chichester Gate,,Terminus Road,a,Chichester,West Sussex,PO19 8EL,GBR,1243788431,Restaurant,,,,,,Mr,Andy,Andy,1243788431,,,Create_Group,
