billingLevel001,customerReferenceNumber,establishmentName,propertyName,propertyNumber,street,locality,town,county,postcode,country,telephoneNumber,businessTypeDescription,faxNumber,email,website,password,wifiVenueId,outletContactTitle,outletContactFirstName,outletContactSurname,outletContactTelephoneNumber,outletContactMobileNumber,outletContactEmailAddress,Action,Result
184219700003,,Ed's Easy Diner - Soho,,12,Moor Street,London,London,London,W1D 5NG,United Kingdom,02074344439,Restaurant,,,,,,Mr,Reuben,Todd,02074930300,,,Create_Group,
184219700003,,Ed's Easy Diner - Trocadero,,19,Rupert Street,London,London,London,W1D 7PA,United Kingdom,02072871951,Restaurant,,,,,,Mr,Reuben,Todd,02074930300,,,Create_Group,
184219700003,,Ed's Easy Diner - Bluewater,Plaza,Unit Svu01,Bluewater Shopping Centre,GREENHITHE,GREENHITHE,Kent,DA9 9SG,United Kingdom,01322380939,Restaurant,,,,,,Mr,Reuben,Todd,02074930300,,,Create_Group,
184219700003,,Ed's Easy Diner - Euston,Unit 2 - Euston Station Colonnade,,Euston Station,London,London,London,NW1 2DY,United Kingdom,02073886967,Restaurant,,,,,,Mr,Reuben,Todd,02074930300,,,Create_Group,
184219700003,,Ed's Easy Diner - Lakeside,Food Court,,Lakeside Shopping Centre,West Thurrock,Grays,Essex,RM20 2ZP,United Kingdom,01708868979,Restaurant,,,,,,Mr,Reuben,Todd,02074930300,,,Create_Group,
184219700003,,Ed's Easy Diner- Mayfair,,14,Woodstock Street,London,London,London,W1C 2AG,United Kingdom,02074939916,Restaurant,,,,,,Mr,Reuben,Todd,02074930300,,,Create_Group,
184219700003,,Ed's Easy Diner - Cardiff,Bridge Street Arcade,1,St. Davids Dewi Sant,CARDIFF,CARDIFF,CARDIFF,CF10 2EF,United Kingdom,02920373706,Restaurant,,,,,,Mr,Reuben,Todd,02074930300,,,Create_Group,
184219700003,,Ed's Easy Diner - Cheshire Oaks,Cheshire Oaks Outlet Village,Unit 60,Kinsey Road,ELLESMERE PORT,South Wirral,Merseyside,CH65 9JJ,United Kingdom,01513560056,Restaurant,,,,,,Mr,Reuben,Todd,02074930300,,,Create_Group,
184219700003,,Ed's Easy Diner - Leicester,Unit 25,,Lower Mall Highcross Shopping Centre,Leicester,Leicester,Leicestershire,LE1 4FP,United Kingdom,01162532211,Restaurant,,,,,,Mr,Reuben,Todd,02074930300,,,Create_Group,
184219700003,,Ed's Easy Diner - Swindon,Unit 90 Swindon Designer Outlet,,Kemble Drive,Swindon,Swindon,Oxfordshire,SN2 2DY,United Kingdom,01793542059,Restaurant,,,,,,Mr,Reuben,Todd,02074930300,,,Create_Group,
184219700003,,Ed's Easy Diner - Southampton,Unit R4 West Quay Shopping Centre,,Portland Terrace,Southampton,Southampton,Hampshire,SO15 1QF,United Kingdom,02380635050,Restaurant,,,,,,Mr,Reuben,Todd,02074930300,,,Create_Group,
184219700003,,Ed's Easy Diner - Reading,Unit 24a Upper Level,,Oracle Shopping Centre,Reading,Reading,Berkshire,RG1 2AG,United Kingdom,01189507337,Restaurant,,,,,,Mr,Reuben,Todd,02074930300,,,Create_Group,
184219700003,,Ed's Easy Diner - Metrocentre,Unit B15 Metro Centre,10-11,Cameron Walk,Gateshead,Newcastle,Northumberland,NE11 9YR,United Kingdom,01914604148,Restaurant,,,,,,Mr,Reuben,Todd,02074930300,,,Create_Group,
184219700003,,Ed's Easy Diner - Norwich,The Dining Terrace,Level 1,Chapelfield Shopping Centre,Norwich,Norwich,Norfolk,NR2 1SU,United Kingdom,01603767643,Restaurant,,,,,,Mr,Reuben,Todd,02074930300,,,Create_Group,
184219700003,,Ed's Easy Diner - Meadowhall,Unit 66 The Oasis,,Meadowhall Centre,Sheffield,Sheffield,South Yorkshire,S9 1EP,United Kingdom,01142569244,Restaurant,,,,,,Mr,Reuben,Todd,02074930300,,,Create_Group,
184219700003,,Ed's Easy Diner - Watford,Unit 142 Upper Mall,,The Harlequin,Watford,Watford,Hertfordshire,WD17 2TL,United Kingdom,01923231318,Restaurant,,,,,,Mr,Reuben,Todd,02074930300,,,Create_Group,
184219700003,,Ed's Easy Diner - York Designer Outlet,McArthur Glen Designer Outlet,Unit 204,St Nicholas Avenue,Fulford,York,North Yorkshire,YO19 4TA,United Kingdom,01904671516,Restaurant,,,,,,Mr,Reuben,Todd,02074930300,,,Create_Group,
184219700003,,Ed's Easy Diner - Brighton,Unit C2,,Churchill Square,Brighton,Brighton,East Sussex,BN1 2RG,United Kingdom,01273738758,Restaurant,,,,,,Mr,Reuben,Todd,02074930300,,,Create_Group,
184219700003,,Ed's Easy Diner - Victoria,R5  - Victoria Place Shopping Centre,115,Buckingham Place Road,London,London,London,SW1W 9SJ,United Kingdom,02073886967,Restaurant,,,,,,Mr,Reuben,Todd,02074930300,,,Create_Group,
184219700003,,Ed's Easy Diner - Liverpool,,52,Lord Street,Liverpool,Liverpool,Merseyside,L2 1TD,United Kingdom,01517092228,Restaurant,,,,,,Mr,Reuben,Todd,02074930300,,,Create_Group,
184219700003,,Ed's Easy Diner - York Monks Cross,Kiosks 1 & 2,,Vangarde Retail Park,Monks Cross,York,North Yorkshire,YO32 9AE,United Kingdom,01904639480,Restaurant,,,,,,Mr,Reuben,Todd,02074930300,,,Create_Group,
184219700003,,Ed's Easy Diner - Gloucester,Unit 105b - Gloucester Quays Outlet Mall,,St Ann Way,Gloucester Quays,Gloucester Quays,Gloucestershire,GL1 5SH,United Kingdom,01452303890,Restaurant,,,,,,Mr,Reuben,Todd,02074930300,,,Create_Group,
184219700003,,Ed's Easy Diner - Wandsworth,First Floor Terrace,,Southside Shopping Centre,Wandsworth,London,London,SW18 4TF,United Kingdom,02088745634,Restaurant,,,,,,Mr,Reuben,Todd,02074930300,,,Create_Group,
184219700003,,Ed's Easy Diner - Bridgend,Food Court,,Designer Outlet Village,BRIDGEND,BRIDGEND,BRIDGEND,CF32 9SU,United Kingdom,01656660090,Restaurant,,,,,,Mr,Reuben,Todd,02074930300,,,Create_Group,
184219700003,,Ed's Easy Diner - Crawley,,75,County Mall,Crawley,Crawley,West Sussex,RH10 1FP,United Kingdom,01293551225,Restaurant,,,,,,Mr,Simon,McAssey,01293551225,,,Create_Group,
184219700003,,Ed's Easy Diner - Sunderland,The Bridges Shopping centre,,The Bridges,Sunderland,Sunderland,Tyne and Wear,SR1 3DR,United Kingdom,02074930300,Restaurant,,,,,,Mr,Reuben,Todd,02074930300,,,Create_Group,
184219700003,,Ed's Easy Diner - Glashow St Enoch,St Enoch Centre,55,St Enoch Square,Glasgow,Glasgow,Glasgow,G1 4BW,United Kingdom,02074930300,Restaurant,,,,,,Mr,Reuben,Todd,02074930300,,,Create_Group,
184219700003,,Ed's Easy Diner - Plymouth,Drakes Circus,1,Charles Street,Plymouth,Plymouth,Devon,PL1 1EA,United Kingdom,02074930300,Restaurant,,,,,,Mr,Reuben,Todd,02074930300,,,Create_Group,
184219700003,,Ed's Easy Diner - Fort Kinnaird,Fleming House,32,Fort Kinnaird Shopping Park,Kinnaird Park,Edinburgh,Edinburgh,EH15 3RD,United Kingdom,02074930300,Restaurant,,,,,,Miss,Reuben,Todd,02074930300,,,Create_Group,
184219700003,,Ed's Easy Diner - Carlisle,The Lanes Shopping Centre,,Globe Lane,Carisle,Carlisle,Cumbria,CA3 8NX,United Kingdom,02074930300,Restaurant,,,,,,Mr,Reuben,Todd,02074930300,,,Create_Group,
184219700003,,Ed's Easy Diner - Birmingham NIA,The NIA,,King Edward Road,Birmingham,Birmingham,West Midlands,B1 2AA,United Kingdom,02074930300,Restaurant,,,,,,Mr,Reuben,Todd,02074930300,,,Create_Group,
