billingLevel001,customerReferenceNumber,establishmentName,propertyName,propertyNumber,street,locality,town,county,postcode,country,telephoneNumber,businessTypeDescription,faxNumber,email,website,password,wifiVenueId,outletContactTitle,outletContactFirstName,outletContactSurname,outletContactTelephoneNumber,outletContactMobileNumber,outletContactEmailAddress,Action,Result
1.81E+11,,Ask,Unit Fs8,27,"First Level Mall, Union Square",Aberdeen,Aberdeen,,AB11 5RG,GBR,1224212070,Restaurant,,,,,,Ms,Katarzyna,Pietrzak,7717867561,7717867561,,Create_Group,
1.81E+11,,Ask,Pulpit House,1,The Square,Abingdon,Abingdon,,OX14 5SZ,GBR,1235529699,Restaurant,,,,,,Ms,Katarzyna,Pietrzak,7717867561,7717867561,,Create_Group,
1.81E+11,,Ask,,12,The Broadway Old,Amersham,Amersham,,HP7 0HP,GBR,1494729559,Restaurant,,,,,,Ms,Katarzyna,Pietrzak,7717867561,7717867561,,Create_Group,
1.81E+11,,Ask,,3,Derby Road,Ashby De La Zouch,Ashby De La Zouch,,LE65 2HF,GBR,1530414548,Restaurant,,,,,,Ms,Katarzyna,Pietrzak,7717867561,7717867561,,Create_Group,
1.81E+11,,Ask,The Royal York Hotel,,George Street,Bath,Bath,,BA1 2EH,GBR,1225789997,Restaurant,,,,,,Ms,Katarzyna,Pietrzak,7717867561,7717867561,,Create_Group,
1.81E+11,,Ask,,247/249,High Street,Berkhamsted,Berkhamsted,,HP4 1AB,GBR,1442878287,Restaurant,,,,,,Ms,Katarzyna,Pietrzak,7717867561,7717867561,,Create_Group,
1.81E+11,,Ask,,2,Wednesday Market,Beverley,Beverley,,HU17 0DG,GBR,1482871042,Restaurant,,,,,,Ms,Katarzyna,Pietrzak,7717867561,7717867561,,Create_Group,
1.81E+11,,Ask,,91,High Street,Billericay,Billericay,,CM12 9AS,GBR,1277631144,Restaurant,,,,,,Ms,Katarzyna,Pietrzak,7717867561,7717867561,,Create_Group,
1.81E+11,,Ask,,56,New Street,Birmingham,Birmingham,,B3 4DU,GBR,1216431212,Restaurant,,,,,,Ms,Katarzyna,Pietrzak,7717867561,7717867561,,Create_Group,
1.81E+11,,Ask,Unit 22,,"Middlebrook Retail Park, The Linkway","Horwich, Bolton","Horwich, Bolton",,BL6 6JA,GBR,1204699199,Restaurant,,,,,,Ms,Katarzyna,Pietrzak,7717867561,7717867561,,Create_Group,
1.81E+11,,Ask,,58,Ship Street,Brighton,Brighton,East Sussex,BN1 1AF,GBR,1273710030,Restaurant,,,,,,Ms,Katarzyna,Pietrzak,7717867561,7717867561,,Create_Group,
1.81E+11,,Ask,Unit 48,,Westwood Cross Margate Road,Broadstairs,Broadstairs,Kent,CT10 2BF,GBR,1843869285,Restaurant,,,,,,Ms,Katarzyna,Pietrzak,7717867561,7717867561,,Create_Group,
1.81E+11,,Ask,,25/27,Station Road,Burgess Hill,Burgess Hill,West Sussex,RH15 9DE,GBR,1444254624,Restaurant,,,,,,Ms,Katarzyna,Pietrzak,7717867561,7717867561,,Create_Group,
1.81E+11,,Ask,,24,High Street,Canterbury,Canterbury,Kent,CT1 2AY,GBR,1227767617,Restaurant,,,,,,Ms,Katarzyna,Pietrzak,7717867561,7717867561,,Create_Group,
1.81E+11,,Ask,Xscape,,Xscape Colorado Way,Castleford,Castleford,,WF10 4TA,GBR,1977603475,Restaurant,,,,,,Ms,Katarzyna,Pietrzak,7717867561,7717867561,,Create_Group,
1.81E+11,,Ask,,16,North Hill,Colchester,Colchester,Essex,CO1 1DZ,GBR,1206366379,Restaurant,,,,,,Ms,Katarzyna,Pietrzak,7717867561,7717867561,,Create_Group,
1.81E+11,,Ask,,50,High Street,Cranleigh,Cranleigh,,GU6 8AG,GBR,1483271555,Restaurant,,,,,,Ms,Katarzyna,Pietrzak,7717867561,7717867561,,Create_Group,
1.81E+11,,Ask,,49/51,High Street,Crawley,Crawley,,RH10 1BQ,GBR,1293619505,Restaurant,,,,,,Ms,Katarzyna,Pietrzak,7717867561,7717867561,,Create_Group,
1.81E+11,,Ask,Assembly Rooms,,Market Place,Derby,Derby,,DE1 3AW,GBR,1332332550,Restaurant,,,,,,Ms,Katarzyna,Pietrzak,7717867561,7717867561,,Create_Group,
1.81E+11,,Ask,,237,Hagley Road,Edgbaston,Edgbaston,Birmingham,B16 9RR,GBR,1214542800,Restaurant,,,,,,Ms,Katarzyna,Pietrzak,7717867561,7717867561,,Create_Group,
1.81E+11,,Ask,,10,West Street,Fareham,Fareham,Hants,PO16 0BH,GBR,1329239210,Restaurant,,,,,,Ms,Katarzyna,Pietrzak,7717867561,7717867561,,Create_Group,
1.81E+11,,Ask,Old Brewmasters Building,,Court Street,Faversham,Faversham,,ME13 7AS,GBR,1795591910,Restaurant,,,,,,Ms,Katarzyna,Pietrzak,7717867561,7717867561,,Create_Group,
1.81E+11,,Ask,,335/337,Fleet Road,Fleet,Fleet,,GU51 3NT,GBR,1252816116,Restaurant,,,,,,Ms,Katarzyna,Pietrzak,7717867561,7717867561,,Create_Group,
1.81E+11,,Ask,,3,Port Dundas Place,Glasgow,Glasgow,,G2 3LD,GBR,1413327336,Restaurant,,,,,,Ms,Katarzyna,Pietrzak,7717867561,7717867561,,Create_Group,
1.81E+11,,Ask,,48,Grafton Way,London,London,,W1T 5DZ,GBR,2073888108,Restaurant,,,,,,Ms,Katarzyna,Pietrzak,7717867561,7717867561,,Create_Group,
1.81E+11,,Ask,,16-19,Chapel Street,Guildford,Guildford,,GU1 3UL,GBR,1483577027,Restaurant,,,,,,Ms,Katarzyna,Pietrzak,7717867561,7717867561,,Create_Group,
1.81E+11,,Ask,The Former Lounge Cinema,46,North Lane,Headingley,Headingley,,LS6 3HU,GBR,1132302577,Restaurant,,,,,,Ms,Katarzyna,Pietrzak,7717867561,7717867561,,Create_Group,
1.81E+11,,Ask,,83,Fore Street,Hertford,Hertford,Hertfordshire,SG14 1AL,GBR,1992535666,Restaurant,,,,,,Ms,Katarzyna,Pietrzak,7717867561,7717867561,,Create_Group,
1.81E+11,,Ask,,17,High Street,High Wycombe,High Wycombe,,HP11 2BE,GBR,1494528244,Restaurant,,,,,,Ms,Katarzyna,Pietrzak,7717867561,7717867561,,Create_Group,
1.81E+11,,Ask,Olde Kings Head Hotel,Unit 2,Carfax/East Street,Horsham,Horsham,,RH12 1EE,GBR,1403242002,Restaurant,,,,,,Ms,Katarzyna,Pietrzak,7717867561,7717867561,,Create_Group,
1.81E+11,,Ask,Warehouse 6,,Princes Dock Street,Kingston Upon Hull,Kingston Upon Hull,,HU1 2LP,GBR,1482210565,Restaurant,,,,,,Ms,Katarzyna,Pietrzak,7717867561,7717867561,,Create_Group,
1.81E+11,,Ask,,85,Kew Green,Richmond,Richmond,Surrey,TW9 3AH,GBR,2089403766,Restaurant,,,,,,Ms,Katarzyna,Pietrzak,7717867561,7717867561,,Create_Group,
1.81E+11,,Ask,,1A,Clarendon Avenue,Leamington Spa,Leamington Spa,,CV32 5QU,GBR,1926889006,Restaurant,,,,,,Ms,Katarzyna,Pietrzak,7717867561,7717867561,,Create_Group,
1.81E+11,,Ask,,42,Silver Street,Leicester,Leicester,,LE1 5ET,GBR,1162513372,Restaurant,,,,,,Ms,Katarzyna,Pietrzak,7717867561,7717867561,,Create_Group,
1.81E+11,,Ask,,186,High Street,Lewes,Lewes,East Sussex,BN7 1XX,GBR,1273479330,Restaurant,,,,,,Ms,Katarzyna,Pietrzak,7717867561,7717867561,,Create_Group,
1.81E+11,,Ask,The Swan,27,Bird Street,Lichfield,Lichfield,,WS13 6PW,GBR,1543419686,Restaurant,,,,,,Ms,Katarzyna,Pietrzak,7717867561,7717867561,,Create_Group,
1.81E+11,,Ask,Ask,,Brayford Wharf North,Lincoln,Lincoln,,LN1 1YW,GBR,1522545321,Restaurant,,,,,,Ms,Katarzyna,Pietrzak,7717867561,7717867561,,Create_Group,
1.81E+11,,Ask,Unit 5,,Queen Arcade,Liverpool,Liverpool,,L1 1RH,GBR,1517090080,Restaurant,,,,,,Ms,Katarzyna,Pietrzak,7717867561,7717867561,,Create_Group,
1.81E+11,,Ask,"Unit 340, Block Cu4,",,"The Centre, Almondvale South",Livingston,Livingston,,EH54 6GS,GBR,1506430891,Restaurant,,,,,,Ms,Katarzyna,Pietrzak,7717867561,7717867561,,Create_Group,
1.81E+11,,Ask,Ask,,Former Marsh Goose High Street,Moreton-In-Marsh,Moreton-In-Marsh,,GL56 0AX,GBR,1608651119,Restaurant,,,,,,Ms,Katarzyna,Pietrzak,7717867561,7717867561,,Create_Group,
1.81E+11,,Ask,,34,Market Place,Newbury,Newbury,,RG14 5AG,GBR,1635379690,Restaurant,,,,,,Ms,Katarzyna,Pietrzak,7717867561,7717867561,,Create_Group,
1.81E+11,,Ask,Chapel Bar,6A,Chapel Quarter Chapel Bar,Nottingham,Nottingham,,NG1 6JS,GBR,1159582815,Restaurant,,,,,,Ms,Katarzyna,Pietrzak,7717867561,7717867561,,Create_Group,
1.81E+11,,Ask,,5,George Street,Oxford,Oxford,,OX1 2AT,GBR,1865726850,Restaurant,,,,,,Ms,Katarzyna,Pietrzak,7717867561,7717867561,,Create_Group,
1.81E+11,,Ask,,121/125,Park Street,London,London,,W1K 7JA,GBR,2074957760,Restaurant,,,,,,Ms,Katarzyna,Pietrzak,7717867561,7717867561,,Create_Group,
1.81E+11,,Ask,,28/30,Priestgate,Peterborough,Peterborough,Cambridgeshire,PE1 1WG,GBR,1733343131,Restaurant,,,,,,Ms,Katarzyna,Pietrzak,7717867561,7717867561,,Create_Group,
1.81E+11,,Ask,,28,High Street,Rayeigh,Rayeigh,Essex,SS6 7EF,GBR,01268777605�,Restaurant,,,,,,Ms,Katarzyna,Pietrzak,7717867561,7717867561,,Create_Group,
1.81E+11,,Ask,Ask,,North Wharf South Bay Sandside,Scarborough,Scarborough,,YO11 1PP,GBR,1723507575,Restaurant,,,,,,Ms,Katarzyna,Pietrzak,7717867561,7717867561,,Create_Group,
1.81E+11,,Ask,,08-Oct,Cambridge Street,Sheffield,Sheffield,,S1 4HP,GBR,1142730073,Restaurant,,,,,,Ms,Katarzyna,Pietrzak,7717867561,7717867561,,Create_Group,
1.81E+11,,Ask,Mill Arcade,20 - 21,"Mill Arcade, Torchwood Centre",Solihull,Solihull,,B91 3GJ,GBR,1217040161,Restaurant,,,,,,Ms,Katarzyna,Pietrzak,7717867561,7717867561,,Create_Group,
1.81E+11,,Ask,Leisure World,Unit 3,West Quay Road,Southampton,Southampton,Hants,SO15 1RE,GBR,2380338588,Restaurant,,,,,,Ms,Katarzyna,Pietrzak,7717867561,7717867561,,Create_Group,
1.81E+11,,Ask,Unit 7/8,,The Broadway London Road,Southend-On-Sea,Southend-On-Sea,Essex,SS1 1TJ,GBR,1702433974,Restaurant,,,,,,Ms,Katarzyna,Pietrzak,7717867561,7717867561,,Create_Group,
1.81E+11,,Ask,The Old Bank,253,Lord Street,Southport,Southport,,PR8 1NY,GBR,1704533872,Restaurant,,,,,,Ms,Katarzyna,Pietrzak,7717867561,7717867561,,Create_Group,
1.81E+11,,Ask,Unit T4,,Tillys Lane Two Rivers,Staines,Staines,,TW18 4BL,GBR,1784440660,Restaurant,,,,,,Ms,Katarzyna,Pietrzak,7717867561,7717867561,,Create_Group,
1.81E+11,,Ask,,09-Oct,St Johns Street,Stamford,Stamford,Lincolnshire,PE9 2DB,GBR,1780765455,Restaurant,,,,,,Ms,Katarzyna,Pietrzak,7717867561,7717867561,,Create_Group,
1.81E+11,,Ask,Unit 15,,Stevenage Leisure Park,Stevenage,Stevenage,Hertfordshire,SG1 2UA,GBR,1438358887,Restaurant,,,,,,Ms,Katarzyna,Pietrzak,7717867561,7717867561,,Create_Group,
1.81E+11,,Ask,,15,High Street,Stevenage Old Town,Stevenage Old Town,,SG1 3BG,GBR,1438356636,Restaurant,,,,,,Ms,Katarzyna,Pietrzak,7717867561,7717867561,,Create_Group,
1.81E+11,,Ask,,01-Mar,Manor Road,Sutton Coldfield,Sutton Coldfield,,B73 6EJ,GBR,1213548834,Restaurant,,,,,,Ms,Katarzyna,Pietrzak,7717867561,7717867561,,Create_Group,
1.81E+11,,Ask,,58/60/62,The Green,Twickenham,Twickenham,Middlesex,TW2 5AB,GBR,2087553800,Restaurant,,,,,,Ms,Katarzyna,Pietrzak,7717867561,7717867561,,Create_Group,
1.81E+11,,Ask,Old Town Hall,Dec-14,"Old Town Hall, Old Market Place",Warrington,Warrington,,WA1 1QB,GBR,1925635479,Restaurant,,,,,,Ms,Katarzyna,Pietrzak,7717867561,7717867561,,Create_Group,
1.81E+11,,Ask,,16/18,High Street,Warwick,Warwick,,CV34 4AP,GBR,1926409809,Restaurant,,,,,,Ms,Katarzyna,Pietrzak,7717867561,7717867561,,Create_Group,
1.81E+11,,Ask,The Former Post Office,,Market Street,Watford,Watford,Herts,WD18 0LG,GBR,1923213111,Restaurant,,,,,,Ms,Katarzyna,Pietrzak,7717867561,7717867561,,Create_Group,
1.81E+11,,Ask,The Market Hall,,Market Place,Wells,Wells,,BA5 2RB,GBR,1749677681,Restaurant,,,,,,Ms,Katarzyna,Pietrzak,7717867561,7717867561,,Create_Group,
1.81E+11,,Ask,,1,Market Place,Wetherby,Wetherby,,LS22 6LQ,GBR,1937589831,Restaurant,,,,,,Ms,Katarzyna,Pietrzak,7717867561,7717867561,,Create_Group,
1.81E+11,,Ask,,30/32,Warwick Street,Worthing,Worthing,,BN11 3DJ,GBR,1903235684,Restaurant,,,,,,Ms,Katarzyna,Pietrzak,7717867561,7717867561,,Create_Group,
1.81E+11,,Ask,The Grand Assembly Rooms,,Blake Street,York,York,,YO1 8QG,GBR,1904637254,Restaurant,,,,,,Ms,Katarzyna,Pietrzak,7717867561,7717867561,,Create_Group,
