billingLevel001,customerReferenceNumber,establishmentName,propertyName,propertyNumber,street,locality,town,county,postcode,country,telephoneNumber,businessTypeDescription,faxNumber,email,website,password,wifiVenueId,outletContactTitle,outletContactFirstName,outletContactSurname,outletContactTelephoneNumber,outletContactMobileNumber,outletContactEmailAddress,Action,Result
181241800003,,First Great Western - Ealing Broadway Station,,,Haven Green,London,London,Greater London,W5 2NU,GBR,02035325991,Rail Station,,,,,2026001,Mr,Venue,Manager,02035325991,,,Create_Group,
181241800003,,First Great Western - Gloucester Station,,,Bruton Way,Gloucester,Gloucester,Gloucestershire,GL1 1DE,GBR,01452489482,Rail Station,,,,,2026002,Mr,Venue,Manager,01452489482,,,Create_Group,
181241800003,,First Great Western - Maidenhead Station,,,Station Approach,Maidenhead,Maidenhead,Windsor and Maidenhead,SL6 1EW,GBR,01628311748,Rail Station,,,,,2026004,Mr,Venue,Manager,01628311748,,,Create_Group,
181241800003,,First Great Western - Pangbourne Station,,,Shooters Hill,Pangbourne,Pangbourne,West Berkshire,RG8 7DY,GBR,01189841754,Rail Station,,,,,2026005,Mr,Venue,Manager,01189841754,,,Create_Group,
181241800003,,First Great Western - Bristol Temple Meads Station,,,Station Approach,Bristol,Bristol,,BS1 6QF,GBR,01172792177,Rail Station,,,,,2027187,Mr,Venue,Manager,01172792177,,,Create_Group,
181241800003,,First Great Western - Bristol Temple Meads Stn 2,,,Station Approach,Bristol,Bristol,,BS1 6QF,GBR,01172792189,Rail Station,,,,,2027188,Mr,Venue,Manager,01172792189,,,Create_Group,
181415400003,,Network Rail - London Bridge ,London Bridge Station,,Station Approach,London,London,,SE1 9SP,GBR,02073781433,Rail Station,,,,,2049847,Mr,Venue,Manager,02073781433,,,Create_Group,
180578300003,,Greggs - Newcastle upon Tyne - S2155,,1-3,Penn St,Newcastle upon Tyne,Newcastle upon Tyne,Tyne and Wear,NE4 7BG,GBR,01916598380,Restaurant,,,,,2032765,Mr,Venue,Manager,01916598380,,,Create_Group,
180578300003,,Greggs - Cardiff,,75,Grand Ave,Cardiff,Cardiff,South Glamorgan,CF5 4LE,GBR,02921402109,Restaurant,,,,,2032766,Mr,Venue,Manager,02921402109,,,Create_Group,
180578300003,,Greggs - Malvern,,326,Worcester Rd,Malvern,Malvern,Worcestershire,WR14 1BD,GBR,01684301096,Restaurant,,,,,2033005,Mr,Venue,Manager,01684301096,,,Create_Group,
181240300003,,Giraffe - Leeds,,6,Greek Street,Leeds,Leeds,West Yorkshire,LS1 5RU,GBR,01132431655,Restaurant,,,,,2030227,Mr,Venue,Manager,01132431655,,,Create_Group,
180515800008,,Land Securities - St Davids Shopping Centre,,,St. David's Shopping Centre,Cardiff,Cardiff,,CF10 2DP,GBR,02920367600,Retail,,,,,2053214,Mr,Venue,Manager,02920367600,,,Create_Group,
180887200003,,Savills - Bristol,,,Embassy House Queens Avenue,Bristol,Bristol,Clifton,BS8 1SB,GBR,01172791036,Retail,,,,,2024475,Mr,Venue,Manager,01172791036,,,Create_Group,
180887200003,,Savills - Cambridge,,132-134,Hills Rd,Cambridge,Cambridge,Cambridgeshire,CB2 8PA,GBR,01223779091,Retail,,,,,2024484,Mr,Venue,Manager,01223779091,,,Create_Group,
181420000003,,M&S - Bishops Stortford ,,13-15,South St,Bishop's Stortford,Bishop's Stortford,Hertfordshire,CM23 3YJ,GBR,01279491178,Retail,,,,,2026463,Mr,Venue,Manager,01279491178,,,Create_Group,
181420000003,,M&S - Bromley,,123,High Street,Bromley,Bromley,Greater London,BR1 1JL,GBR,02087933468,Retail,,,,,2026464,Mr,Venue,Manager,02087933468,,,Create_Group,
181420000003,,M&S - Carlisle 1,,42,English Street,Carlisle,Carlisle,Cumbria,CA3 8HS,GBR,01228490739,Retail,,,,,2026466,Mr,Venue,Manager,01228490739,,,Create_Group,
181420000003,,M&S - Carlisle 2,,42,English Street,Carlisle,Carlisle,Cumbria,CA3 8HS,GBR,01228490779,Retail,,,,,2026467,Mr,Venue,Manager,01228490779,,,Create_Group,
181420000003,,M&S - Handforth,,, Coppice Way,Handforth,Handforth,Cheshire East,SK9 3PB,GBR,01612640860,Retail,,,,,2026511,Mr,Venue,Manager,01612640860,,,Create_Group,
181420000003,,M&S - London Colney,,, Barnet Rd,St Albans,St Albans,Hertfordshire,AL2 1AB,GBR,01727822634,Retail,,,,,2026515,Mr,Venue,Manager,01727822634,,,Create_Group,
181420000003,,M&S - Tamworth 1,,, Ventura Park Rd,Tamworth,Tamworth,Staffordshire,B78 3JD,GBR,01827464915,Retail,,,,,2026525,Mr,Venue,Manager,01827464915,,,Create_Group,
181420000003,,M&S - Tamworth 2,,, Ventura Park Rd,Tamworth,Tamworth,Staffordshire,B78 3JD,GBR,01827750440,Retail,,,,,2026527,Mr,Venue,Manager,01827750440,,,Create_Group,
181420000003,,M&S - Kensington2,,113,Kensington High Street,London,London,Greater London,W8 5SQ,GBR,02035606910,Retail,,,,,2030694,Mr,Venue,Manager,02035606910,,,Create_Group,
181420000003,,M&S - Cheshire Oaks 2,,,Stanney Woods Road,Ellesmere Port,Cheshire,Cheshire,CH65 9LF,GBR,01513554334,Retail,,,,,2038714,Mr,Venue,Manager,01513554334,,,Create_Group,
181420000003,,M&S - Crystal Peaks,,,East Mall (Upper Mall Level),Sheffield,Sheffield,Sheffield,S20 7PQ,GBR,01143486833,Retail,,,,,2038715,Mr,Venue,Manager,01143486833,,,Create_Group,
181420000003,,M&S - Stockley Park HO,,,3 Longwalk Road,Stockley Park,Uxbridge,,UB11 1AW,GBR,08456090200,Retail,,,,,2045375,Mr,Venue,Manager,08456090200,,,Create_Group,
181420000003,,M&S - Kensington1,,113,Kensington High Street,London,London,Greater London,W8 5SQ,GBR,02035609108,Retail,,,,,2045717,Mr,Venue,Manager,02035609108,,,Create_Group,
181420000003,,M&S - Edgware Road 2,,258,Edgware Rd,London,London,Greater London,W2 1DU,GBR,02036120108,Retail,,,,,2026408,Mr,Venue,Manager,02036120108,,,Create_Group,
181420000003,,M&S - Wimbledon 2,,,Centre Court Shopping Centre,London,London,Greater London,SW19 8YE,GBR,02087934632,Retail,,,,,2026532,Mr,Venue,Manager,02087934632,,,Create_Group,
181420000003,,M&S - Canary Wharf,,45,Bank St,London,London,Greater London,E14 5NY,GBR,02077191817,Retail,,,,,2026535,Mr,Venue,Manager,02077191817,,,Create_Group,
181420000003,,M&S - Gloucester New,,12-28,Eastgate Street,Gloucester,Gloucester,Gloucester,GL1 1PH,GBR,01452678120,Retail,,,,,2038720,Mr,Venue,Manager,01452678120,,,Create_Group,
181420000003,,M&S - Poole 1,,46,Dolphin Centre,Poole,Poole,Dorset,BH15 1SU,GBR,02087185158,Retail,,,,,2045713,Mr,Venue,Manager,02087185158,,,Create_Group,
181420000003,,M&S - Wimbledon 1,,,Centre Court Shopping Centre,London,London,,SW19 8YE,GBR,02087934545,Retail,,,,,2045807,Mr,Venue,Manager,02087934545,,,Create_Group,
181420000003,,M&S - Edgware Road 1,,258,Edgware Rd,London,London,,W2 1DU,GBR,02036120106,Retail,,,,,2047304,Mr,Venue,Manager,02036120106,,,Create_Group,
181420000003,,M&S - Bradford  Distribution Centre,Prologis Park,,Newhall Way,Wincanton,Bradford,West Yorkshire,BD5 8LZ,GBR,01274284237,Retail,,,,,2026538,Mr,Venue,Manager,01274284237,,,Create_Group,
181158000003,,Superdrug - St Stephens (HULL),Unit 26A St Stephens Centre,110,Ferrens Way,Hull,Hull,Hull,HU2 8LN,GBR,01482214901,Retail,,,,,2050417,Mr,Venue,Manager,01482214901,,,Create_Group,
