billingLevel001,customerReferenceNumber,establishmentName,propertyName,propertyNumber,street,locality,town,county,postcode,country,telephoneNumber,businessTypeDescription,faxNumber,email,website,password,wifiVenueId,outletContactTitle,outletContactFirstName,outletContactSurname,outletContactTelephoneNumber,outletContactMobileNumber,outletContactEmailAddress,Action,Result
181943000003,135,BHS - Portsmouth,BHS,,Cascades shopping centre,Portsmouth,Portsmouth,Hampshire,PO14RP,GBR,02392864466,Retail,,,,,,Miss,Justine ,Bennett,02392864466,,,Create_Group,
181943000003,11,BHS - Southampton,,40 -50,Above Bar Street,Southampton,Southampton,Hampshire,SO147GW,GBR,02380223189,Retail,,,,,,Mrs,Fiona ,Lamb,02380223189,,,Create_Group,
181943000003,149,BHS - Salisbury,,37,New Canal Road,Salisbury,Salisbury,Hampshire,SP12AG,GBR,01711331311,Retail,,,,,,Mrs,Gemma ,Muscat,01711331311,,,Create_Group,
181943000003,229,BHS - Chichester Home Store,BHS,,Westhampnett Road,Chichester,Chichester,Hampshire,PO194ZL,GBR,01243783795,Retail,,,,,,Mr ,Phil,Smith,01243783795,,,Create_Group,
181943000003,60,BHS - Plymouth,,33-39,Cornwall Street,Plymouth,Plymouth,Devon,PL11NR,GBR,01752667640,Retail,,,,,,Miss,Carol,Powis,01752667640,,,Create_Group,
181943000003,253,BHS - Truro,,18-20,Boscowen Street,Truro,Truro,Devon,TR12WQ,GBR,01872271039,Retail,,,,,,Mrs,Christine ,Tanner,01872271039,,,Create_Group,
181943000003,78,BHS - Exeter,,177-181,Fore Street,Exteter,Exteter,Devon,EX43AX,GBR,01392254948,Retail,,,,,,Mr,Simon,Prgaer,01392254948,,,Create_Group,
181943000003,152,BHS - Yovil,The Quedam,12,The Ivel Square,Yeovil,Yeovil,Somerset,BA20 1EU,GBR,01935412745,Retail,,,,,,Mrs,Jill,Marsh,01935412745,,,Create_Group,
181943000003,101,"BHS - St Hellier, Jersey",,43313,King Street,St Helliet,St Helliet,Jersey,JE24WF,GBR,01534735451,Retail,,,,,,Mr,Alex,Harding,01534735451,,,Create_Group,
181943000003,200,BHS - Poole,BHS,,The Dolphin Centre,Poole,Poole,Dorset,BH151DG,GBR,01202649696,Retail,,,,,,Mr,Daniel,Ormesher,01202649696,,,Create_Group,
181943000003,1651,BHS - Bath,,38-39,Stall Street,Bath,Bath,Somerset,BA11QH,GBR,01225423527,Retail,,,,,,Mr,Nathaniel,Putt,01225423527,,,Create_Group,
181943000003,19,BHS - Bristol,,38-41,Broadmead,Bristol,Bristol,Somerset,BS13HB,GBR,01179292261,Retail,,,,,,Miss,Sadie,Corten,01179292261,,,Create_Group,
181943000003,252,BHS - Western Super Mare,,66-70,High Street,Western Super Mare,Western Super Mare,Somerset,BS231HS,GBR,01934629774,Retail,,,,,,Miss,Angela ,Wright,01934629774,,,Create_Group,
181943000003,125,BHS - Cheltenham,,30,Regent Arcade,Cheltenham,Cheltenham,Gloucestershire,GL501EW,GBR,01242521313,Retail,,,,,,Mrs,Andrea,Richards,01242521313,,,Create_Group,
181943000003,279,BHS - Cheltenham Home Store,,Gallagher Retail Park,Tewkesbury Road,Cheltenham,Cheltenham,Gloucestershire,GL519RR,GBR,01242220287,Retail,,,,,,Mr ,Nigel,innell,01242220287,,,Create_Group,
181943000003,94,BHS - Newport,,16-18,Commercial Street,Newport,Newport,Gwent,NP91HF,GBR,01633251744,Retail,,,,,,Mrs,Pauline,Mollard,01633251744,,,Create_Group,
181943000003,91,BHS - Gloucester,,27-39,Eastgate Street,Gloucester,Gloucester,Gloucestershire,GL11YU,GBR,01452523976,Retail,,,,,,Mrs ,Tracey,Johnson,01452523976,,,Create_Group,
181943000003,81,BHS - Swansea,,29-31,Priness Way,Swansea,Swansea,West Glamorgan,SA15HB,GBR,01792652239,Retail,,,,,,Mr,Steve,Brittern,01792652239,,,Create_Group,
181943000003,228,BHS - Llanelli,,Unit 11,Trostre Retail Park,Llanelli,Llanelli,Dyfed,SA149UY,GBR,01554773049,Retail,,,,,,Mr,Alun,Alder,01554773049,,,Create_Group,
181943000003,286,BHS - Swindon,,34,The Parade,Swindon,Swindon,Wiltshire,SN11BA,GBR,017934955299,Retail,,,,,,Mr,Simon,Vallis Ridler,017934955299,,,Create_Group,
181943000003,247,BHS - Carmarthen,,2,Guidehall Sq,Carmarthen,Carmarthen,Carmarthernshire,SA311NP,GBR,01267233342,Retail,,,,,,Ms,Linda,Ryan,01267233342,,,Create_Group,
181943000003,265,BHS - Nottingham Home Store,,GILTBROOK Shopping Centre,Ikea way,Nottingham,Nottingham,Nottinghamshire,NG162RP,GBR,01159386324,Retail,,,,,,Ms,Joanne,Hill,01159386324,,,Create_Group,
181943000003,239,BHS - Handforth Dean Home Store,,Kiln Croft Lane,Kiln Croft Lane,Handsforth Dean,Handsforth Dean,Chesire,SK93PA,GBR,01614869033,Retail,,,,,,Mr,Paul ,Batchelor,01614869033,,,Create_Group,
181943000003,236,BHS - Broughton Park Home Store,,Unit 2,Broughton Shopping Centre,Chester,Chester,Flintshire,CH40DP,GBR,01244538384,Retail,,,,,,Ms,Julie,Shingleton,01244538384,,,Create_Group,
181943000003,258,BHS - Bournemouth Home Store,,Unit 4B,Mallard Retail Park,Bournemouth,Bournemouth,Dorset,BH89PL,GBR,01202511989,Retail,,,,,,Mrs,Liz,O'Connor,01202511989,,,Create_Group,
181943000003,231,BHS - Leeds Kirkstall Home Store,,2,Bridge Road,Kirkstall,Leeds,Yorkshire,LS53BL,GBR,01132749821,Retail,,,,,,Mr,Andrew,Morgan,01132749821,,,Create_Group,
181943000003,180,BHS - York Home Store,,14,Monks Cross Retail Park,York,York,North Yorkshire,YO329GX,GBR,01904672320,Retail,,,,,,Mr,Paul,Stainthorpe,01904672320,,,Create_Group,
181943000003,257,BHS - Cardiff Bay Home Store,Cardiff Bay Retail Park,Unit G,Ferry Road,Cardiff,Cardiff,Glamorgan,CF10JR,GBR,02920224888,Retail,,,,,,Miss,Holly,Hobbs,02920224888,,,Create_Group,
181943000003,267,BHS - BelfastHolywood Home Store,,303,Airport Road West,Belfast,Belfast,County Antrim,BT39EJ,GBR,02890421375,Retail,,,,,,Ms,Sandra,Mutch,02890421375,,,Create_Group,
181943000003,264,BHS - Stoke Home Store,,Octogan Shopping park,Etruria Road,Hanley,Hanley,Staffordshire,ST15RR,GBR,01782274720,Retail,,,,,,Ms,Loise,Tunniclife,01782274720,,,Create_Group,
181943000003,242,BHS - St Marks Lincoln Home Store,St Marks Retail Park ,8,The Sidings,Lincoln,Lincoln,Lincolnshire,LN67TP,GBR,01522579187,Retail,,,,,,Mr,Gary,Adderley,01522579187,,,Create_Group,
181943000003,271,BHS - Widnes Home Store,,Unit 3,Widnes Shopping Park,Widnes,Widnes,Chesire,WA87TN,GBR,01514249218,Retail,,,,,,Mr,Paul,Murhpy,01514249218,,,Create_Group,
181943000003,126,BHS - Canterbury,BHS,,Marlowe Arcade,Canterbury,Canterbury,Kent,CT12TE,GBR,01227760431,Retail,,,,,,Mrs,Sophie,Cassat,01227760431,,,Create_Group,
181943000003,169,BHS - Hastings,,The Priory Meadow,Queen Square,Hastings,Hastings,East Sussex,TN341QP,GBR,01424721814,Retail,,,,,,Mr,David,Andrews,01424721814,,,Create_Group,
181943000003,108,BHS - Worthing,,56,Montague Street,Worthing,Worthing,West Sussex,BN113HE,GBR,01903235135,Retail,,,,,,Ms,Jo ,Anderson,01903235135,,,Create_Group,
181943000003,114,BHS - Eastbourne,,56,Eastbourne Arndale Centre,Eastbourne,Eastbourne,East Sussex,BN213NW,GBR,01323642836,Retail,,,,,,Ms,Emma,Rivers,01323642836,,,Create_Group,
181943000003,246,BHS - Ashford,,39,County Sq,Ashford,Ashford,Kent,TN231YD,GBR,01233666587,Retail,,,,,,Mrs,Sophie,Cassat,01233666587,,,Create_Group,
181943000003,119,BHS - Maidstone,,42-50,King Street,Maidstone,Maidstone, Kent,ME141BS,GBR,01622769571,Retail,,,,,,Mr,Ross,Bartlett,01622769571,,,Create_Group,
181943000003,124,BHS - Bexleyheath,Broadway shopping centre,19,The Mall,Bexleyheath,Bexleyheath,Kent,DA67JJ,GBR,0208308322,Retail,,,,,,Mr,James,Akano,0208308322,,,Create_Group,
181943000003,40,BHS - Brighton,,1,1 Churchill Sq Shopping centre,Broghton,Broghton,East Sussex,BN12TA,GBR,01273324383,Retail,,,,,,tbc,tbc,tbc,01273324383,,,Create_Group,
181943000003,68,BHS - Tunbridge Wells,,25-27,Caverley Road,Tunbridge Wells,Tunbridge Wells,Kent,TN12TJ,GBR,01892522281,Retail,,,,,,tbc,tbc,tbc,01892522281,,,Create_Group,
181943000003,137,BHS - Crawley,,County Mall,Station Way,Crawley,Crawley,West Sussex,RH101JA,GBR,01293529212,Retail,,,,,,Mrs ,Jo,Haddingham,01293529212,,,Create_Group,
181943000003,157,BHS - Horsham,,13-18,Swan Walk,Horsham,Horsham,West Sussex,RH121HQ,GBR,01403263800,Retail,,,,,,Ms,Rachael,Mackrell,01403263800,,,Create_Group,
181943000003,26,BHS - Kingston,,10,Alderman Judge Mall,Kingston,Kingston,Surrey,KT11BS,GBR,02085414242,Retail,,,,,,Ms,Wendy,Guy,02085414242,,,Create_Group,
181943000003,44,BHS - Croydon,Whitgift Centre,69-73,Whitgift Sq,Croydon,Croydon,Surrey,CR91SY,GBR,02086862663,Retail,,,,,,Mr,Simon,Lamb,02086862663,,,Create_Group,
181943000003,22,BHS - Sutton,,136-140,High Street,Sutton,Sutton,Surrey,SM11NG,GBR,02086432516,Retail,,,,,,Ms,Annie,Maillbery-Haynes,02086432516,,,Create_Group,
181943000003,130,BHS - Harrow,,14,St Ann's Road,Harrow,Harrow,Middlesex,HA11AS,GBR,02084279314,Retail,,,,,,Mr,Stephen,Darling,02084279314,,,Create_Group,
181943000003,109,BHS - Bromley,,124,High Street,Bromley ,Bromley ,Kent,BR11DW,GBR,02084608985,Retail,,,,,,Ms,Yasmin,Khan,02084608985,,,Create_Group,
181943000003,201,BHS - Uxbridge,The Chimes Shopping Centre,Unit 107,High Street,Uxbridge,Uxbridge,Middlesex,ub81ga,GBR,01895812037,Retail,,,,,,Ms,Kerry,Tearle,01895812037,,,Create_Group,
181943000003,142,BHS - Basildon,,3,Town Square,Basildon,Basildon,Essex,SS14 1DZ,GBR,01268272333,Retail,,,,,,Miss,Kelly ,Spink,01268272333,,,Create_Group,
181943000003,76,BHS - Norwich,,23-29,St Stephens Street,Norwich,Norwich,Norfolk,NR1 3QN,GBR,01603 629375,Retail,,,,,,Mrs ,Janice,Unsworth,01603629375,,,Create_Group,
181943000003,170,BHS - Ipswich,,32,Butter Market,Ipswich,Ipswich,Suffolk,IP1 1DZ,GBR,01473221667,Retail,,,,,,Mr,Peter,McCormack,01473221667,,,Create_Group,
181943000003,147,BHS - Cambridge,Grafton Centre,29,East Road,Cambridge,Cambridge,Cambridgeshire,CB1 1PS,GBR,01223358126,Retail,,,,,,Mrs ,Tracy,Crowther,01223358126,,,Create_Group,
181943000003,106,BHS - Romford,Romford shopping centre,10,The Liberty,Romford,Romford,Essex,RM13RL,GBR,01708720211,Retail,,,,,,Mrs,Carolyn,Balfour,01708720211,,,Create_Group,
181943000003,138,BHS - Chelmsford,BHS,,The Meadows,Chelmsford,Chelmsford,Essex,CM26BH,GBR,01245346356,Retail,,,,,,Mr,Chris ,Holt,01245346356,,,Create_Group,
181943000003,15,BHS - Colchester,,77,Culver Street East,Colchester,Colchester,Essex,CO11LF,GBR,01206562341,Retail,,,,,,Mrs,Bunny,Baines,01206562341,,,Create_Group,
181943000003,115,BHS - Peterborough,BHS,,Queensgate Centre,Peterborough,Peterborough,Cambridgeshire,PE11NJ,GBR,01733347556,Retail,,,,,,Mr,Martin,Savage,01733347556,,,Create_Group,
181943000003,57,BHS - Southend,,36,High Street,Southend on Sea,Southend on Sea,Essex,SS11JG,GBR,01702467282,Retail,,,,,,Miss,Vikki,Grindod,01702467282,,,Create_Group,
181943000003,74,BHS - Stevenage,,7,The Forum,Stevenage,Stevenage,Hertfordshire,SG11ES,GBR,01438312165,Retail,,,,,,Mrs ,Shireen,Butcher,01438312165,,,Create_Group,
181943000003,121,BHS - Harlow,,24,Harvey Centre,Harlow,Harlow,Essex,CM201XT,GBR,01279439495,Retail,,,,,,Mr,Paul,Green,01279439495,,,Create_Group,
181943000003,56,BHS - Lewisham,,156,Lewisham High Street,Lewisham,Lewisham,London,SE136JL,GBR,02088523740,Retail,,,,,,Miss,Nilesh,Patel,02088523740,,,Create_Group,
181943000003,131,BHS - Walthamstow,,38,Selbourne Walk,Walthamstow,Walthamstow,London,E177JR,GBR,02085213324,Retail,,,,,,Miss,Pam,Rai,02085213324,,,Create_Group,
181943000003,293,BHS - MK Stadium,,Stadium Retail Park,Stadium Way,Milton Keynes,Milton Keynes,Buckinghamshire,MK11ST,GBR,01908367739,Retail,,,,,,Miss,Sam,Eversion Watts,01908367739,,,Create_Group,
181943000003,148,BHS - Camberley,,23,Priness Way,Camberley,Camberley,Surry,GU153SP,GBR,01276670382,Retail,,,,,,Mr,Simon,Bradbury,01276670382,,,Create_Group,
181943000003,46,BHS - St Albans,,51,St Peters Street,St Albans,St Albans,Hertfordshire,AL13DY,GBR,01727853392,Retail,,,,,,Miss,Erica,Flack,01727853392,,,Create_Group,
181943000003,141,BHS - Aylesbury,,26,Friars Sq,Aylesbury,Aylesbury,Buckinghamshire,HP202TA,GBR,01296397845,Retail,,,,,,Miss,Rebecca,Duff,01296397845,,,Create_Group,
181943000003,197,BHS - Oxford,,22,Queen Street,Oxford,Oxford,Oxon,OX11EP,GBR,01865242661,Retail,,,,,,Mrs,Sarah ,James,01865242661,,,Create_Group,
181943000003,76,BHS - Northampton,,35,Abington Street,Northampton,Northampton,Northamptonshire,NN12AW,GBR,01604636005,Retail,,,,,,Mr,Scott,McLaughlin,01604636005,,,Create_Group,
181943000003,25,BHS - Reading,,116,Broad Street,Reading,Reading,Berkshire,RG12BE,GBR,01189580233,Retail,,,,,,Mr,Andy,Meehan,01189580233,,,Create_Group,
181943000003,5,BHS - Aberdeen,,91,Union Street,Aberdeen,Aberdeen,Aberdeenshire,AB116BD,GBR,01224575448,Retail,,,,,,Mr ,Keith,Montgomery,01224575448,,,Create_Group,
181943000003,100,BHS - Edinburgh,,64,Princes Street,Edinburgh,Edinburgh,Midlothian,EH22DJ,GBR,01312262621,Retail,,,,,,Mr,Steve,Grewar,01312262621,,,Create_Group,
181943000003,104,BHS - Dundee,Well gate centre,2,Cowgate,Dundee,Dundee,Angus,DD1 2DF,GBR,01382224041,Retail,,,,,,Mr,Neil,Dallinson,01382224041,,,Create_Group,
181943000003,122,BHS - Ayr,,85a,High Street,Ayr,Ayr,Kyle and Carrick,KA7 1PQ,GBR,01292289933,Retail,,,,,,Miss,Gillian,Kirk Turner,01292289933,,,Create_Group,
181943000003,95,BHS - Glasgow,,67,Sauchiehall Street,Glasgow,Glasgow,Lanarkshire,G2 3DA,GBR,01413320401,Retail,,,,,,Mrs,Alma,Paul,01413320401,,,Create_Group,
181943000003,146,BHS - Stirling,Thistle Centre,8,Murray Place,Stirling,Stirling,Lanarkshire,FK8 2DB,GBR,01786449560,Retail,,,,,,Mrs,Lynn,Arnott,01786449560,,,Create_Group,
181943000003,49,BHS - Sunderland,,86,High street,Sunderland,Sunderland,West Tyne and wear,SR1 3DB,GBR,01915673611,Retail,,,,,,Miss,Sharon,Hudson,01915673611,,,Create_Group,
181943000003,189,BHS - Durham,,15,High Street,Durham,Durham,County Durham,DH1 3UJ,GBR,01913830328,Retail,,,,,,Mr,Liam,Furnell,01913830328,,,Create_Group,
181943000003,37,BHS - Belfast,,24,Castle Place,Belfast,Belfast,Belfast,bt1 1gb,GBR,02890243068,Retail,,,,,,Miss,Natallie,Ferguson,02890243068,,,Create_Group,
181943000003,123,BHS - Carlisle,,1,English Street,Carlisle,Carlisle,Cumbria,CA3 8JW,GBR,01228538834,Retail,,,,,,Mrs,Alison,Patterson,01228538834,,,Create_Group,
181943000003,129,BHS - Metro Centre,Metro Centre,unit 8,Cameron Walk,Gatehead,Gatehead,Tyne and wear,NE11 9YB,GBR,01914610342,Retail,,,,,,Mr,Dennis,Fluke,01914610342,,,Create_Group,
181943000003,285,BHS - Hartlepool,,unit 94,Middleton Grange Shopping Centre,Hartlepool,Hartlepool,Hartlepool,TS24 7RN,GBR,01429277803,Retail,,,,,,Mr,Ian,Davis,01429277803,,,Create_Group,
181943000003,39,BHS - Middlesbrough,,68,Linthorpe Road,Middlesbrough,Middlesbrough,Cleveland,TS1 2LB,GBR,01642242568,Retail,,,,,,Mr,Stuart,Jones,01642242568,,,Create_Group,
181943000003,145,BHS - Telford,Telford Shopping centre,102,The Border,Telford,Telford,Shropshire,TF3 4AE,GBR,01952290702,Retail,,,,,,Miss,Claire,O'Neill,01952290702,,,Create_Group,
181943000003,13,BHS - Redditch,Kingfisher Centre,18,Park walk,Redditch,Redditch,Worcestershire,B97 4HD,GBR,0152760212,Retail,,,,,,Mrs,Shirli,Tillsley,0152760212,,,Create_Group,
181943000003,134,BHS - Merry Hill,BHS,,Merryhill Centre Brierley Hill,Merry Hill,Merry Hill,West Midlands,DY5 1QP,GBR,0138478892,Retail,,,,,,Miss,Kaye,Tranter,0138478892,,,Create_Group,
181943000003,244,BHS - Llandudno,,unit 10,Park Llandudno,Llandudno,Llandudno,Wales,LL30 1PJ,GBR,01492876722,Retail,,,,,,Miss,Jane,Winder,0149287672,,,Create_Group,
181943000003,3,BHS - Sutton Coldfield,Gracechurch Centre,14,The Parade,Sutton Coldfield,Sutton Coldfield,West Midlands,B721PD,GBR,01213544271,Retail,,,,,,Mr,Mark ,Sharpe,01213544271,,,Create_Group,
181943000003,160,BHS - Walsall,,71,Park Street,Walsall,Walsall,West midlands,WS1 1NW,GBR,01922610864,Retail,,,,,,Mrs,Jiulie,Davies,01922610864,,,Create_Group,
181943000003,79,BHS - Birmingham,,6,New Street,Birmingham,Birmingham,West Midlands,B2 4RG,GBR,01216437039,Retail,,,,,,Mr,Brian,Lowe,01216437039,,,Create_Group,
181943000003,23,BHS - Hanley,,9,Parliament Row,Stoke on Trent,Stoke on Trent,Staffordshire,ST1 1PX,GBR,01782213952,Retail,,,,,,Mrs ,Janet,Court,01782213952,,,Create_Group,
181943000003,193,BHS - Wrexham,,1,Henblas Street,Wrexham,Wrexham,Wrexham,LL13 8AE,GBR,01978262301,Retail,,,,,,Mr,Paul,Ward,01978262301,,,Create_Group,
181943000003,72,BHS - Wolverhampton,,44,Dudley Street,Wolverhampton,Wolverhampton,West Midlands,WV1 3ER,GBR,01902421845,Retail,,,,,,Mrs,Cath,Cottis,01902421845,,,Create_Group,
181943000003,153,BHS - Stratford upon Avon,BHS,,Bridge Street,Stratford upon Avon,Stratford upon Avon,Sratford upon Avon,CV37 6AD,GBR,01789267700,Retail,,,,,,Miss,Daniela,Oakes,01789267700,,,Create_Group,
181943000003,98,BHS - Nottingham,Broadmarsh Centre,3,Lister Gate Sq,Nottinhgam,Nottinhgam,Nottinghamshire,NG1 7LB,GBR,01159580524,Retail,,,,,,Mr,John,Forester,01159580524,,,Create_Group,
181943000003,168,BHS - Fose Park,Fosse Park shopping centre,unit 8,Enderby,Leicester,Leicester,Leicestershire,LE191HX,GBR,01162631536,Retail,,,,,,Mrs,Tina,Arnold,01162631536,,,Create_Group,
181943000003,128,BHS - Leicester,,52,Gallow Tree Gate,Leicester,Leicester,Leicestershire,LE1 1DA,GBR,01162538887,Retail,,,,,,Mr,James,Taylor,01162538887,,,Create_Group,
181943000003,151,BHS - Solihull,Mell Square,32,Dury Lane,Solihull,Solihull,West Midlands,B91 3BG,GBR,01217117494,Retail,,,,,,Mrs,Debbie,Bowdey Smith,01217117194,,,Create_Group,
181943000003,194,BHS - Chesterfield,,1,Vicar Lane,Chesterfield,Chesterfield,Derbyshire,S401PY,GBR,01246272730,Retail,,,,,,Mrs,Jo,Carrotte,01246272730,,,Create_Group,
181943000003,48,BHS - Coventry,,43,The Precinct,Coventry,Coventry,West Midlands,CV1 1DD,GBR,02476223661,Retail,,,,,,Mrs,Yvette,Rickus,02476223661,,,Create_Group,
181943000003,213,BHS - Nuneaton,,unit 3,Rope walk Shopping Centre,Nuneaton,Nuneaton,Warwickshire,CV11 5TZ,GBR,02476352941,Retail,,,,,,Mr,Andrew,Hayes,02476352941,,,Create_Group,
181943000003,178,BHS - Burton on Trent,,unit 1,Cooper Square Shopping Centre,Burton on Trent,Burton on Trent,Staffordshire,DE14 1DE,GBR,01283569125,Retail,,,,,,Mrs ,Helen,Remington,01283569125,,,Create_Group,
181943000003,30,BHS - Preston,,20,Fishergate,Preston,Preston,Lancashire,PR13PX,GBR,01772253575,Retail,,,,,,Miss,Diana,Lilley,01722253575,,,Create_Group,
181943000003,102,BHS - Manchester,,57,Market Street,Manchester,Manchester,Greater Manchester,M1 1WN,GBR,01618341151,Retail,,,,,,Mr,Tony,Richards,01618341151,,,Create_Group,
181943000003,97,BHS - Bolton,,9,Victoria Square,Bolton,Bolton,Greater Manchester,BL1 1RJ,GBR,01204529080,Retail,,,,,,Miss,Rebecca,Bryne,01204529080,,,Create_Group,
181943000003,256,BHS - Wigan,,11,The Grand arcade,Wigan,Wigan,Lancashire,WN1 1BH,GBR,01942497331,Retail,,,,,,Mrs,Mary ,Davies,01942497331,,,Create_Group,
181943000003,80,BHS - Blackpool,,26,Church Street,Blackpool,Blackpool,Lancashire,FY1 1EP,GBR,01253625686,Retail,,,,,,Mrs,Denise,Counsell,01253625686,,,Create_Group,
181943000003,143,BHS - Southport,,19,Chapel Street,Southport,Southport,Merseyside,PR8 1AR,GBR,01704545331,Retail,,,,,,Mr,Scott,Rimmer,01704545331,,,Create_Group,
181943000003,223,BHS - Manchester Crown,,23,Crown point North Retail Park,Denton,Manchester,Greater Manchester,M34 3JP,GBR,01613204373,Retail,,,,,,Mr,John,Holmes,01613204373,,,Create_Group,
181943000003,175,BHS - Bury,,15,Union Arcade,Bury,Bury,Lancashire,BL9 0QF,GBR,01617646689,Retail,,,,,,Mr,John,Roberts,01617646689,,,Create_Group,
181943000003,294,BHS - Oldham,BHS,,Spindles Shoppng Centre,Oldham,Oldham,Oldham,OL1 1HD,GBR,01616221214,Retail,,,,,,Miss,Katie,Bennett,01616221214,,,Create_Group,
181943000003,82,BHS - York,,44,Conet Street,York,York,North Yorkshire,YO1 8ND,GBR,01904626123,Retail,,,,,,Mrs ,Tricia,Flynn,01904626123,,,Create_Group,
181943000003,45,BHS - Huddersfield,,9,The Shambles,Huddersfield,Huddersfield,West Yorkshire,HD1 2QJ,GBR,01484540126,Retail,,,,,,Mrs,Anne,McNab,01484540126,,,Create_Group,
181943000003,174,BHS - White Rose Leeds,BHS,,White Rose Shopping Centre,Leeds,Leeds,West Yorkshire,ls11 8LL,GBR,01132717485,Retail,,,,,,Mrs ,Susan,Allick,01132717485,,,Create_Group,
181943000003,53,BHS - Hull,,32,Jameson Street,Hull,Hull,Humberside,HU1 3LY,GBR,01482323391,Retail,,,,,,Mr,James,Hawley,01482323391,,,Create_Group,
181943000003,96,BHS - Doncaster,,7,Frenchgate,Doncaster,Doncaster,South Yorkshire,DN1 1QA,GBR,01302367481,Retail,,,,,,Mr,Bob,McDonald,01302367481,,,Create_Group,
181943000003,225,BHS - Rotherham,Retail World,14a,Stadium Park,Rotherham,Rotherham,South Yorkshire,S60 1TG,GBR,01709780809,Retail,,,,,,Mrs ,Karen ,Shaw,01709780209,,,Create_Group,
181943000003,63,BHS - Grimsby,,1,Victoria Street West,Grimsby,Grimsby,Humberside,DN31 1DF,GBR,01472353191,Retail,,,,,,Mr,Stephen,Eccles,01472353191,,,Create_Group,
181943000003,209,BHS - Meadow Hall,,3,The Gallery,Meadow Hall,Meadow Hall,Sheffield,S9 1EJ,GBR,01142568478,Retail,,,,,,Miss ,Donna ,Cooper,01142568478,,,Create_Group,
181943000003,27,BHS - Wakefield,,14,Kirkgate,Wakefield,Wakefield,West Yorkshire,WF1 1SP,GBR,01924372054,Retail,,,,,,Mr ,Liam,Furnell,01924372054,,,Create_Group,
181943000003,280,BHS - Scunthorpe,,29,Jubilee Way. Parish Shopping Centre,Scunthorpe,Scunthorpe,North Lincolnshire,DN15 6RB,GBR,01724277634,Retail,,,,,,Miss,Mariea ,Clark,01724277634,,,Create_Group,
181943000003,93,BHS - Derby,,59,St Peters Street,Derby,Derby,Derbyshire,DE1 2AB,GBR,01332342213,Retail,,,,,,Mr ,Jamie,Maddison,01332342213,,,Create_Group,
181943000003,77,BHS - Lincoln,,196,High Street,Lincoln,Lincoln,Lincolnshire,LN5 7AL,GBR,01522524906,Retail,,,,,,Miss,Calre ,Hunt,01522524906,,,Create_Group,
