billingLevel001,customerReferenceNumber,establishmentName,propertyName,propertyNumber,street,locality,town,county,postcode,country,telephoneNumber,businessTypeDescription,faxNumber,email,website,password,wifiVenueId,outletContactTitle,outletContactFirstName,outletContactSurname,outletContactTelephoneNumber,outletContactMobileNumber,outletContactEmailAddress,Action,Result
1.84E+11,BR10,Berkshire Rooms Limited,Berkshire Rooms Limited,4,Spring House,Basingstoke,Basingstoke,,RG21 8SA,GBR,1344360077,Hotel,,,www.berkshirerooms.co.uk,,,Mr,Don ,James,1344360077,,,CREATE_GROUP,
1.84E+11,BR11,Berkshire Rooms Limited,Berkshire Rooms Limited,5,Spring House,Basingstoke,Basingstoke,,RG21 8SA,GBR,1344360077,Hotel,,,www.berkshirerooms.co.uk,,,Mr,Don ,James,1344360077,,,CREATE_GROUP,
1.84E+11,BR12,Berkshire Rooms Limited,Berkshire Rooms Limited,11,Spring House,Basingstoke,Basingstoke,,RG21 8SA,GBR,1344360077,Hotel,,,www.berkshirerooms.co.uk,,,Mr,Don ,James,1344360077,,,CREATE_GROUP,
1.84E+11,BR13,Berkshire Rooms Limited,Berkshire Rooms Limited,11,Westlands House,Basingstoke,Basingstoke,,RG21 3DJ,GBR,1344360077,Hotel,,`,www.berkshirerooms.co.uk,,,Mr,Don ,James,1344360077,,,CREATE_GROUP,
1.84E+11,BR14,Berkshire Rooms Limited,Berkshire Rooms Limited,15,Westlands House,Basingstoke,Basingstoke,,RG21 3DJ,GBR,1344360077,Hotel,,,www.berkshirerooms.co.uk,,,Mr,Don ,James,1344360077,,,CREATE_GROUP,
1.84E+11,BR15,Berkshire Rooms Limited,Berkshire Rooms Limited,1,Eclipse,Binfield,Binfield,,RG42 4DS,GBR,1344360077,Hotel,,,www.berkshirerooms.co.uk,,,Mr,Don ,James,1344360077,,,CREATE_GROUP,
1.84E+11,BR18,Berkshire Rooms Limited,Berkshire Rooms Limited,,The Poppies,Binfield,Binfield,,RG42 5HR,GBR,1344360077,Hotel,,,www.berkshirerooms.co.uk,,,Mr,Don ,James,1344360077,,,CREATE_GROUP,
1.84E+11,BR19,Berkshire Rooms Limited,Berkshire Rooms Limited,1,Acacia Court,Bracknell,Bracknell,,RG12 7EF,GBR,1344360077,Hotel,,,www.berkshirerooms.co.uk,,,Mr,Don ,James,1344360077,,,CREATE_GROUP,
1.84E+11,BR20,Berkshire Rooms Limited,Berkshire Rooms Limited,22,Bullfinch,Bracknell,Bracknell,,RG12 8BS,GBR,1344360077,Hotel,,,www.berkshirerooms.co.uk,,,Mr,Don ,James,1344360077,,,CREATE_GROUP,
1.84E+11,BR21,Berkshire Rooms Limited,Berkshire Rooms Limited,19,Bevan Gate,Bracknell,Bracknell,,RG42 2BG,GBR,1344360077,Hotel,,,www.berkshirerooms.co.uk,,,Mr,Don ,James,1344360077,,,CREATE_GROUP,
1.84E+11,BR22,Berkshire Rooms Limited,Berkshire Rooms Limited,25,Bevan Gate,Bracknell,Bracknell,,RG42 2BG,GBR,1344360077,Hotel,,,www.berkshirerooms.co.uk,,,Mr,Don ,James,1344360077,,,CREATE_GROUP,
1.84E+11,BR23,Berkshire Rooms Limited,Berkshire Rooms Limited,14,Boxford Ridge,Bracknell,Bracknell,,RG12 7EQ,GBR,1344360077,Hotel,,,www.berkshirerooms.co.uk,,,Mr,Don ,James,1344360077,,,CREATE_GROUP,
1.84E+11,BR24,Berkshire Rooms Limited,Berkshire Rooms Limited,17,Boxford Ridge,Bracknell,Bracknell,,RG12 7EQ,GBR,1344360077,Hotel,,,www.berkshirerooms.co.uk,,,Mr,Don ,James,1344360077,,,CREATE_GROUP,
1.84E+11,BR25,Berkshire Rooms Limited,Berkshire Rooms Limited,22,Boxford Ridge,Bracknell,Bracknell,,RG12 7EQ,GBR,1344360077,Hotel,,,www.berkshirerooms.co.uk,,,Mr,Don ,James,1344360077,,,CREATE_GROUP,
1.84E+11,BR26,Berkshire Rooms Limited,Berkshire Rooms Limited,2,Darwin Place,Bracknell,Bracknell,,RG12 9RH,GBR,1344360077,Hotel,,,www.berkshirerooms.co.uk,,,Mr,Don ,James,1344360077,,,CREATE_GROUP,
1.84E+11,BR27,Berkshire Rooms Limited,Berkshire Rooms Limited,1,Gray Place,Bracknell,Bracknell,,RG42 1QA,GBR,1344360077,Hotel,,,www.berkshirerooms.co.uk,,,Mr,Don ,James,1344360077,,,CREATE_GROUP,
1.84E+11,BR28,Berkshire Rooms Limited,Berkshire Rooms Limited,2,Gray Place,Bracknell,Bracknell,,RG42 1QA,GBR,1344360077,Hotel,,,www.berkshirerooms.co.uk,,,Mr,Don ,James,1344360077,,,CREATE_GROUP,
1.84E+11,BR29,Berkshire Rooms Limited,Berkshire Rooms Limited,7,Gray Place,Bracknell,Bracknell,,RG42 1QA,GBR,1344360077,Hotel,,,www.berkshirerooms.co.uk,,,Mr,Don ,James,1344360077,,,CREATE_GROUP,
1.84E+11,BR30,Berkshire Rooms Limited,Berkshire Rooms Limited,8,Gray Place,Bracknell,Bracknell,,RG42 1QA,GBR,1344360077,Hotel,,,www.berkshirerooms.co.uk,,,Mr,Don ,James,1344360077,,,CREATE_GROUP,
1.84E+11,BR31,Berkshire Rooms Limited,Berkshire Rooms Limited,10,Gray Place,Bracknell,Bracknell,,RG42 1QA,GBR,1344360077,Hotel,,,www.berkshirerooms.co.uk,,,Mr,Don ,James,1344360077,,,CREATE_GROUP,
1.84E+11,BR32,Berkshire Rooms Limited,Berkshire Rooms Limited,11,Gray Place,Bracknell,Bracknell,,RG42 1QA,GBR,1344360077,Hotel,,,www.berkshirerooms.co.uk,,,Mr,Don ,James,1344360077,,,CREATE_GROUP,
1.84E+11,BR33,Berkshire Rooms Limited,Berkshire Rooms Limited,14,Gray Place,Bracknell,Bracknell,,RG42 1QA,GBR,1344360077,Hotel,,,www.berkshirerooms.co.uk,,,Mr,Don ,James,1344360077,,,CREATE_GROUP,
1.84E+11,BR34,Berkshire Rooms Limited,Berkshire Rooms Limited,15,Gray Place,Bracknell,Bracknell,,RG42 1QA,GBR,1344360077,Hotel,,,www.berkshirerooms.co.uk,,,Mr,Don ,James,1344360077,,,CREATE_GROUP,
1.84E+11,BR35,Berkshire Rooms Limited,Berkshire Rooms Limited,17,Gray Place,Bracknell,Bracknell,,RG42 1QA,GBR,1344360077,Hotel,,,www.berkshirerooms.co.uk,,,Mr,Don ,James,1344360077,,,CREATE_GROUP,
1.84E+11,BR36,Berkshire Rooms Limited,Berkshire Rooms Limited,20,Gray Place,Bracknell,Bracknell,,RG42 1QA,GBR,1344360077,Hotel,,,www.berkshirerooms.co.uk,,,Mr,Don ,James,1344360077,,,CREATE_GROUP,
1.84E+11,BR37,Berkshire Rooms Limited,Berkshire Rooms Limited,21,Gray Place,Bracknell,Bracknell,,RG42 1QA,GBR,1344360077,Hotel,,,www.berkshirerooms.co.uk,,,Mr,Don ,James,1344360077,,,CREATE_GROUP,
1.84E+11,BR38,Berkshire Rooms Limited,Berkshire Rooms Limited,22,Gray Place,Bracknell,Bracknell,,RG42 1QA,GBR,1344360077,Hotel,,,www.berkshirerooms.co.uk,,,Mr,Don ,James,1344360077,,,CREATE_GROUP,
1.84E+11,BR39,Berkshire Rooms Limited,Berkshire Rooms Limited,23,Gray Place,Bracknell,Bracknell,,RG42 1QA,GBR,1344360077,Hotel,,,www.berkshirerooms.co.uk,,,Mr,Don ,James,1344360077,,,CREATE_GROUP,
1.84E+11,BR40,Berkshire Rooms Limited,Berkshire Rooms Limited,24,Gray Place,Bracknell,Bracknell,,RG42 1QA,GBR,1344360077,Hotel,,,www.berkshirerooms.co.uk,,,Mr,Don ,James,1344360077,,,CREATE_GROUP,
1.84E+11,BR41,Berkshire Rooms Limited,Berkshire Rooms Limited,18,Kelvin Gate,Bracknell,Bracknell,,RG12 2TG,GBR,1344360077,Hotel,,,www.berkshirerooms.co.uk,,,Mr,Don ,James,1344360077,,,CREATE_GROUP,
1.84E+11,BR42,Berkshire Rooms Limited,Berkshire Rooms Limited,64,Kelvin Gate,Bracknell,Bracknell,,RG12 2TN,GBR,1344360077,Hotel,,,www.berkshirerooms.co.uk,,,Mr,Don ,James,1344360077,,,CREATE_GROUP,
1.84E+11,BR43,Berkshire Rooms Limited,Berkshire Rooms Limited,66,Kelvin Gate,Bracknell,Bracknell,,RG12 2TN,GBR,1344360077,Hotel,,,www.berkshirerooms.co.uk,,,Mr,Don ,James,1344360077,,,CREATE_GROUP,
1.84E+11,BR44,Berkshire Rooms Limited,Berkshire Rooms Limited,87,Kelvin Gate,Bracknell,Bracknell,,RG12 2TN,GBR,1344360077,Hotel,,,www.berkshirerooms.co.uk,,,Mr,Don ,James,1344360077,,,CREATE_GROUP,
1.84E+11,BR45,Berkshire Rooms Limited,Berkshire Rooms Limited,94,Kelvin Gate,Bracknell,Bracknell,,RG12 2TN,GBR,1344360077,Hotel,,,www.berkshirerooms.co.uk,,,Mr,Don ,James,1344360077,,,CREATE_GROUP,
1.84E+11,BR46,Berkshire Rooms Limited,Berkshire Rooms Limited,98,Kelvin Gate,Bracknell,Bracknell,,RG12 2TN,GBR,1344360077,Hotel,,,www.berkshirerooms.co.uk,,,Mr,Don ,James,1344360077,,,CREATE_GROUP,
1.84E+11,BR47,Berkshire Rooms Limited,Berkshire Rooms Limited,173, Kelvin Gate,Bracknell,Bracknell,,RG12 2TP,GBR,1344360077,Hotel,,,www.berkshirerooms.co.uk,,,Mr,Don ,James,1344360077,,,CREATE_GROUP,
1.84E+11,BR48,Berkshire Rooms Limited,Berkshire Rooms Limited,177, Kelvin Gate,Bracknell,Bracknell,,RG12 2TP,GBR,1344360077,Hotel,,,www.berkshirerooms.co.uk,,,Mr,Don ,James,1344360077,,,CREATE_GROUP,
1.84E+11,BR49,Berkshire Rooms Limited,Berkshire Rooms Limited,180, Kelvin Gate,Bracknell,Bracknell,,RG12 2TP,GBR,1344360077,Hotel,,,www.berkshirerooms.co.uk,,,Mr,Don ,James,1344360077,,,CREATE_GROUP,
1.84E+11,BR50,Berkshire Rooms Limited,Berkshire Rooms Limited,12,Netherby,Bracknell,Bracknell,,RG12 7GQ,GBR,1344360077,Hotel,,,www.berkshirerooms.co.uk,,,Mr,Don ,James,1344360077,,,CREATE_GROUP,
1.84E+11,BR51,Berkshire Rooms Limited,Berkshire Rooms Limited,16,Netherby,Bracknell,Bracknell,,RG12 7GQ,GBR,1344360077,Hotel,,,www.berkshirerooms.co.uk,,,Mr,Don ,James,1344360077,,,CREATE_GROUP,
1.84E+11,BR52,Berkshire Rooms Limited,Berkshire Rooms Limited,5,Stephenson Ct,Newbury,Newbury,,RG14 1TH,GBR,1344360077,Hotel,,,www.berkshirerooms.co.uk,,,Mr,Don ,James,1344360077,,,CREATE_GROUP,
1.84E+11,BR53,Berkshire Rooms Limited,Berkshire Rooms Limited,12,Stephenson Ct,Newbury,Newbury,,RG14 1TH,GBR,1344360077,Hotel,,,www.berkshirerooms.co.uk,,,Mr,Don ,James,1344360077,,,CREATE_GROUP,
1.84E+11,BR54,Berkshire Rooms Limited,Berkshire Rooms Limited,19,Stephenson Ct,Newbury,Newbury,,RG14 1TH,GBR,1344360077,Hotel,,,www.berkshirerooms.co.uk,,,Mr,Don ,James,1344360077,,,CREATE_GROUP,
1.84E+11,BR55,Berkshire Rooms Limited,Berkshire Rooms Limited,20,Stephenson Ct,Newbury,Newbury,,RG14 1TH,GBR,1344360077,Hotel,,,www.berkshirerooms.co.uk,,,Mr,Don ,James,1344360077,,,CREATE_GROUP,
1.84E+11,BR56,Berkshire Rooms Limited,Berkshire Rooms Limited,53,St Michaels Road,Newbury,Newbury,,RG14 5PT,GBR,1344360077,Hotel,,,www.berkshirerooms.co.uk,,,Mr,Don ,James,1344360077,,,CREATE_GROUP,
1.84E+11,BR57,Berkshire Rooms Limited,Berkshire Rooms Limited,55,St Michaels Road,Newbury,Newbury,,RG14 5PT,GBR,1344360077,Hotel,,,www.berkshirerooms.co.uk,,,Mr,Don ,James,1344360077,,,CREATE_GROUP,
1.84E+11,BR58,Berkshire Rooms Limited,Berkshire Rooms Limited,57,St Michaels Road,Newbury,Newbury,,RG14 5PT,GBR,1344360077,Hotel,,,www.berkshirerooms.co.uk,,,Mr,Don ,James,1344360077,,,CREATE_GROUP,
1.84E+11,BR59,Berkshire Rooms Limited,Berkshire Rooms Limited,59,St Michaels Road,Newbury,Newbury,,RG14 5PT,GBR,1344360077,Hotel,,,www.berkshirerooms.co.uk,,,Mr,Don ,James,1344360077,,,CREATE_GROUP,
1.84E+11,BR60,Berkshire Rooms Limited,Berkshire Rooms Limited,4,Telford Court,Newbury,Newbury,,RG14 1TF,GBR,1344360077,Hotel,,,www.berkshirerooms.co.uk,,,Mr,Don ,James,1344360077,,,CREATE_GROUP,
1.84E+11,BR61,Berkshire Rooms Limited,Berkshire Rooms Limited,9,Telford Court,Newbury,Newbury,,RG14 1TF,GBR,1344360077,Hotel,,,www.berkshirerooms.co.uk,,,Mr,Don ,James,1344360077,,,CREATE_GROUP,
1.84E+11,BR62,Berkshire Rooms Limited,Berkshire Rooms Limited,17,Telford Court,Newbury,Newbury,,RG14 1TF,GBR,1344360077,Hotel,,,www.berkshirerooms.co.uk,,,Mr,Don ,James,1344360077,,,CREATE_GROUP,
1.84E+11,BR63,Berkshire Rooms Limited,Berkshire Rooms Limited,22,Telford Court,Newbury,Newbury,,RG14 1TF,GBR,1344360077,Hotel,,,www.berkshirerooms.co.uk,,,Mr,Don ,James,1344360077,,,CREATE_GROUP,
1.84E+11,BR64,Berkshire Rooms Limited,Berkshire Rooms Limited,9,Brindley Court,Newbury,Newbury,,RG14 1TD,GBR,1344360077,Hotel,,,www.berkshirerooms.co.uk,,,Mr,Don ,James,1344360077,,,CREATE_GROUP,
1.84E+11,BR65,Berkshire Rooms Limited,Berkshire Rooms Limited,10,Jago Court,Newbury,Newbury,,RG14 7EZ,GBR,1344360077,Hotel,,,www.berkshirerooms.co.uk,,,Mr,Don ,James,1344360077,,,CREATE_GROUP,
1.84E+11,BR66,Berkshire Rooms Limited,Berkshire Rooms Limited,21,Jago Court,Newbury,Newbury,,RG14 7EZ,GBR,1344360077,Hotel,,,www.berkshirerooms.co.uk,,,Mr,Don ,James,1344360077,,,CREATE_GROUP,
1.84E+11,BR67,Berkshire Rooms Limited,Berkshire Rooms Limited,37,Jago Court,Newbury,Newbury,,RG14 7EZ,GBR,1344360077,Hotel,,,www.berkshirerooms.co.uk,,,Mr,Don ,James,1344360077,,,CREATE_GROUP,
1.84E+11,BR68,Berkshire Rooms Limited,Berkshire Rooms Limited,48,Jago Court,Newbury,Newbury,,RG14 7DX,GBR,1344360077,Hotel,,,www.berkshirerooms.co.uk,,,Mr,Don ,James,1344360077,,,CREATE_GROUP,
1.84E+11,BR69,Berkshire Rooms Limited,Berkshire Rooms Limited,55,Jago Court,Newbury,Newbury,,RG14 7EZ,GBR,1344360077,Hotel,,,www.berkshirerooms.co.uk,,,Mr,Don ,James,1344360077,,,CREATE_GROUP,
1.84E+11,BR70,Berkshire Rooms Limited,Berkshire Rooms Limited,57,Jago Court,Newbury,Newbury,,RG14 7EZ,GBR,1344360077,Hotel,,,www.berkshirerooms.co.uk,,,Mr,Don ,James,1344360077,,,CREATE_GROUP,
1.84E+11,BR71,Berkshire Rooms Limited,Berkshire Rooms Limited,61,Jago Court,Newbury,Newbury,,RG14 7EZ,GBR,1344360077,Hotel,,,www.berkshirerooms.co.uk,,,Mr,Don ,James,1344360077,,,CREATE_GROUP,
1.84E+11,BR72,Berkshire Rooms Limited,Berkshire Rooms Limited,77,Jago Court,Newbury,Newbury,,RG14 7EZ,GBR,1344360077,Hotel,,,www.berkshirerooms.co.uk,,,Mr,Don ,James,1344360077,,,CREATE_GROUP,
1.84E+11,BR73,Berkshire Rooms Limited,Berkshire Rooms Limited,79,Jago Court,Newbury,Newbury,,RG14 7EZ,GBR,1344360077,Hotel,,,www.berkshirerooms.co.uk,,,Mr,Don ,James,1344360077,,,CREATE_GROUP,
1.84E+11,BR74,Berkshire Rooms Limited,Berkshire Rooms Limited,85,Jago Court,Newbury,Newbury,,RG14 7EZ,GBR,1344360077,Hotel,,,www.berkshirerooms.co.uk,,,Mr,Don ,James,1344360077,,,CREATE_GROUP,
1.84E+11,BR75,Berkshire Rooms Limited,Berkshire Rooms Limited,101,Jago Court,Newbury,Newbury,,RG14 7EZ,GBR,1344360077,Hotel,,,www.berkshirerooms.co.uk,,,Mr,Don ,James,1344360077,,,CREATE_GROUP,
1.84E+11,BR76,Berkshire Rooms Limited,Berkshire Rooms Limited,111,Jago Court,Newbury,Newbury,,RG14 7EZ,GBR,1344360077,Hotel,,,www.berkshirerooms.co.uk,,,Mr,Don ,James,1344360077,,,CREATE_GROUP,
1.84E+11,BR77,Berkshire Rooms Limited,Berkshire Rooms Limited,135,Jago Court,Newbury,Newbury,,RG14 7EZ,GBR,1344360077,Hotel,,,www.berkshirerooms.co.uk,,,Mr,Don ,James,1344360077,,,CREATE_GROUP,
1.84E+11,BR78,Berkshire Rooms Limited,Berkshire Rooms Limited,145,Jago Court,Newbury,Newbury,,RG14 7EZ,GBR,1344360077,Hotel,,,www.berkshirerooms.co.uk,,,Mr,Don ,James,1344360077,,,CREATE_GROUP,
1.84E+11,BR79,Berkshire Rooms Limited,Berkshire Rooms Limited,153,Jago Court,Newbury,Newbury,,RG14 7EZ,GBR,1344360077,Hotel,,,www.berkshirerooms.co.uk,,,Mr,Don ,James,1344360077,,,CREATE_GROUP,
1.84E+11,BR80,Berkshire Rooms Limited,Berkshire Rooms Limited,157,Jago Court,Newbury,Newbury,,RG14 7EZ,GBR,1344360077,Hotel,,,www.berkshirerooms.co.uk,,,Mr,Don ,James,1344360077,,,CREATE_GROUP,
1.84E+11,BR81,Berkshire Rooms Limited,Berkshire Rooms Limited,7,Abbey Place,Newell Green,Newell Green,,RG42 6AZ,GBR,1344360077,Hotel,,,www.berkshirerooms.co.uk,,,Mr,Don ,James,1344360077,,,CREATE_GROUP,
1.84E+11,BR82,Berkshire Rooms Limited,Berkshire Rooms Limited,3,Barkham Mews,Reading,Reading,,RG1 4BX,GBR,1344360077,Hotel,,,www.berkshirerooms.co.uk,,,Mr,Don ,James,1344360077,,,CREATE_GROUP,
1.84E+11,BR83,Berkshire Rooms Limited,Berkshire Rooms Limited,4,Barkham Mews,Reading,Reading,,RG1 4BX,GBR,1344360077,Hotel,,,www.berkshirerooms.co.uk,,,Mr,Don ,James,1344360077,,,CREATE_GROUP,
1.84E+11,BR84,Berkshire Rooms Limited,Berkshire Rooms Limited,5,Barkham Mews,Reading,Reading,,RG1 4BX,GBR,1344360077,Hotel,,,www.berkshirerooms.co.uk,,,Mr,Don ,James,1344360077,,,CREATE_GROUP,
1.84E+11,BR85,Berkshire Rooms Limited,Berkshire Rooms Limited,6,Barkham Mews,Reading,Reading,,RG1 4BX,GBR,1344360077,Hotel,,,www.berkshirerooms.co.uk,,,Mr,Don ,James,1344360077,,,CREATE_GROUP,
1.84E+11,BR86,Berkshire Rooms Limited,Berkshire Rooms Limited,7,Barkham Mews,Reading,Reading,,RG1 4BX,GBR,1344360077,Hotel,,,www.berkshirerooms.co.uk,,,Mr,Don ,James,1344360077,,,CREATE_GROUP,
1.84E+11,BR87,Berkshire Rooms Limited,Berkshire Rooms Limited,8,Barkham Mews,Reading,Reading,,RG1 4BX,GBR,1344360077,Hotel,,,www.berkshirerooms.co.uk,,,Mr,Don ,James,1344360077,,,CREATE_GROUP,
1.84E+11,BR88,Berkshire Rooms Limited,Berkshire Rooms Limited,9,Barkham Mews,Reading,Reading,,RG1 4BX,GBR,1344360077,Hotel,,,www.berkshirerooms.co.uk,,,Mr,Don ,James,1344360077,,,CREATE_GROUP,
1.84E+11,BR90,Berkshire Rooms Limited,Berkshire Rooms Limited,2,Eldon lodge,Reading,Reading,,RG1 4NH,GBR,1344360077,Hotel,,,www.berkshirerooms.co.uk,,,Mr,Don ,James,1344360077,,,CREATE_GROUP,
1.84E+11,BR91,Berkshire Rooms Limited,Berkshire Rooms Limited,6,Eldon lodge,Reading,Reading,,RG1 4NH,GBR,1344360077,Hotel,,,www.berkshirerooms.co.uk,,,Mr,Don ,James,1344360077,,,CREATE_GROUP,
1.84E+11,BR92,Berkshire Rooms Limited,Berkshire Rooms Limited,7,Eldon lodge,Reading,Reading,,RG1 4NH,GBR,1344360077,Hotel,,,www.berkshirerooms.co.uk,,,Mr,Don ,James,1344360077,,,CREATE_GROUP,
1.84E+11,BR93,Berkshire Rooms Limited,Berkshire Rooms Limited,8,Eldon lodge,Reading,Reading,,RG1 4NH,GBR,1344360077,Hotel,,,www.berkshirerooms.co.uk,,,Mr,Don ,James,1344360077,,,CREATE_GROUP,
1.84E+11,BR94,Berkshire Rooms Limited,Berkshire Rooms Limited,14,Eldon lodge,Reading,Reading,,RG1 4NH,GBR,1344360077,Hotel,,,www.berkshirerooms.co.uk,,,Mr,Don ,James,1344360077,,,CREATE_GROUP,
1.84E+11,BR95,Berkshire Rooms Limited,Berkshire Rooms Limited,16,Eldon lodge,Reading,Reading,,RG1 4NH,GBR,1344360077,Hotel,,,www.berkshirerooms.co.uk,,,Mr,Don ,James,1344360077,,,CREATE_GROUP,
1.84E+11,BR96,Berkshire Rooms Limited,Berkshire Rooms Limited,17,Eldon lodge,Reading,Reading,,RG1 4NH,GBR,1344360077,Hotel,,,www.berkshirerooms.co.uk,,,Mr,Don ,James,1344360077,,,CREATE_GROUP,
1.84E+11,BR97,Berkshire Rooms Limited,Berkshire Rooms Limited,4,Whale Avenue,Reading,Reading,,RG2 0GY,GBR,1344360077,Hotel,,,www.berkshirerooms.co.uk,,,Mr,Don ,James,1344360077,,,CREATE_GROUP,
1.84E+11,BR98,Berkshire Rooms Limited,Berkshire Rooms Limited,Flat 7/2,Gweal Ave,Reading,Reading,,RG2 0FW,GBR,1344360077,Hotel,,,www.berkshirerooms.co.uk,,,Mr,Don ,James,1344360077,,,CREATE_GROUP,
1.84E+11,BR101,Berkshire Rooms Limited,Berkshire Rooms Limited,7,Illife Close,Reading,Reading,,RG1 2QE,GBR,1344360077,Hotel,,,www.berkshirerooms.co.uk,,,Mr,Don ,James,1344360077,,,CREATE_GROUP,
1.84E+11,BR103,Berkshire Rooms Limited,Berkshire Rooms Limited,61,Meridian,Reading,Reading,,RG1 3DQ,GBR,1344360077,Hotel,,,www.berkshirerooms.co.uk,,,Mr,Don ,James,1344360077,,,CREATE_GROUP,
1.84E+11,BR104,Berkshire Rooms Limited,Berkshire Rooms Limited,66,Meridian,Reading,Reading,,RG1 3DQ,GBR,1344360077,Hotel,,,www.berkshirerooms.co.uk,,,Mr,Don ,James,1344360077,,,CREATE_GROUP,
1.84E+11,BR105,Berkshire Rooms Limited,Berkshire Rooms Limited,70,Meridian,Reading,Reading,,RG1 3DQ,GBR,1344360077,Hotel,,,www.berkshirerooms.co.uk,,,Mr,Don ,James,1344360077,,,CREATE_GROUP,
1.84E+11,BR106,Berkshire Rooms Limited,Berkshire Rooms Limited,58,Mosaic Apartments,Slough,Slough,,SL1 1EP,GBR,1344360077,Hotel,,,www.berkshirerooms.co.uk,,,Mr,Don ,James,1344360077,,,CREATE_GROUP,
1.84E+11,BR107,Berkshire Rooms Limited,Berkshire Rooms Limited,67,Mosaic Apartments,Slough,Slough,,SL1 1EP,GBR,1344360077,Hotel,,,www.berkshirerooms.co.uk,,,Mr,Don ,James,1344360077,,,CREATE_GROUP,
1.84E+11,BR108,Berkshire Rooms Limited,Berkshire Rooms Limited,75,Mosaic Apartments,Slough,Slough,,SL1 1EP,GBR,1344360077,Hotel,,,www.berkshirerooms.co.uk,,,Mr,Don ,James,1344360077,,,CREATE_GROUP,
1.84E+11,BR109,Berkshire Rooms Limited,Berkshire Rooms Limited,79,Mosaic Apartments,Slough,Slough,,SL1 1EP,GBR,1344360077,Hotel,,,www.berkshirerooms.co.uk,,,Mr,Don ,James,1344360077,,,CREATE_GROUP,
1.84E+11,BR110,Berkshire Rooms Limited,Berkshire Rooms Limited,80,Mosaic Apartments,Slough,Slough,,SL1 1EP,GBR,1344360077,Hotel,,,www.berkshirerooms.co.uk,,,Mr,Don ,James,1344360077,,,CREATE_GROUP,
1.84E+11,BR111,Berkshire Rooms Limited,Berkshire Rooms Limited,81,Mosaic Apartments,Slough,Slough,,SL1 1EP,GBR,1344360077,Hotel,,,www.berkshirerooms.co.uk,,,Mr,Don ,James,1344360077,,,CREATE_GROUP,
1.84E+11,BR113,Berkshire Rooms Limited,Berkshire Rooms Limited,102,Mosaic Apartments,Slough,Slough,,SL1 1ER,GBR,1344360077,Hotel,,,www.berkshirerooms.co.uk,,,Mr,Don ,James,1344360077,,,CREATE_GROUP,
1.84E+11,BR114,Berkshire Rooms Limited,Berkshire Rooms Limited,109,Mosaic Apartments,Slough,Slough,,SL1 1ER,GBR,1344360077,Hotel,,,www.berkshirerooms.co.uk,,,Mr,Don ,James,1344360077,,,CREATE_GROUP,
1.84E+11,BR115,Berkshire Rooms Limited,Berkshire Rooms Limited,122,Mosaic Apartments,Slough,Slough,,SL1 1ER,GBR,1344360077,Hotel,,,www.berkshirerooms.co.uk,,,Mr,Don ,James,1344360077,,,CREATE_GROUP,
1.84E+11,BR116,Berkshire Rooms Limited,Berkshire Rooms Limited,131,Mosaic Apartments,Slough,Slough,,SL1 1ER,GBR,1344360077,Hotel,,,www.berkshirerooms.co.uk,,,Mr,Don ,James,1344360077,,,CREATE_GROUP,
1.84E+11,BR117,Berkshire Rooms Limited,Berkshire Rooms Limited,132,Mosaic Apartments,Slough,Slough,,SL1 1ER,GBR,1344360077,Hotel,,,www.berkshirerooms.co.uk,,,Mr,Don ,James,1344360077,,,CREATE_GROUP,
1.84E+11,BR118,Berkshire Rooms Limited,Berkshire Rooms Limited,133,Mosaic Apartments,Slough,Slough,,SL1 1ER,GBR,1344360077,Hotel,,,www.berkshirerooms.co.uk,,,Mr,Don ,James,1344360077,,,CREATE_GROUP,
1.84E+11,BR119,Berkshire Rooms Limited,Berkshire Rooms Limited,141,Mosaic Apartments,Slough,Slough,,SL1 1ER,GBR,1344360077,Hotel,,,www.berkshirerooms.co.uk,,,Mr,Don ,James,1344360077,,,CREATE_GROUP,
1.84E+11,BR120,Berkshire Rooms Limited,Berkshire Rooms Limited,143,Mosaic Apartments,Slough,Slough,,SL1 1ER,GBR,1344360077,Hotel,,,www.berkshirerooms.co.uk,,,Mr,Don ,James,1344360077,,,CREATE_GROUP,
1.84E+11,BR121,Berkshire Rooms Limited,Berkshire Rooms Limited,155,Mosaic Apartments,Slough,Slough,,SL1 1ER,GBR,1344360077,Hotel,,,www.berkshirerooms.co.uk,,,Mr,Don ,James,1344360077,,,CREATE_GROUP,
1.84E+11,BR122,Berkshire Rooms Limited,Berkshire Rooms Limited,156,Mosaic Apartments,Slough,Slough,,SL1 1ER,GBR,1344360077,Hotel,,,www.berkshirerooms.co.uk,,,Mr,Don ,James,1344360077,,,CREATE_GROUP,
1.84E+11,BR123,Berkshire Rooms Limited,Berkshire Rooms Limited,160,Mosaic Apartments,Slough,Slough,,SL1 1ER,GBR,1344360077,Hotel,,,www.berkshirerooms.co.uk,,,Mr,Don ,James,1344360077,,,CREATE_GROUP,
1.84E+11,BR124,Berkshire Rooms Limited,Berkshire Rooms Limited,161,Mosaic Apartments,Slough,Slough,,SL1 1ER,GBR,1344360077,Hotel,,,www.berkshirerooms.co.uk,,,Mr,Don ,James,1344360077,,,CREATE_GROUP,
1.84E+11,BR125,Berkshire Rooms Limited,Berkshire Rooms Limited,162,Mosaic Apartments,Slough,Slough,,SL1 1ER,GBR,1344360077,Hotel,,,www.berkshirerooms.co.uk,,,Mr,Don ,James,1344360077,,,CREATE_GROUP,
1.84E+11,BR126,Berkshire Rooms Limited,Berkshire Rooms Limited,163,Mosaic Apartments,Slough,Slough,,SL1 1ER,GBR,1344360077,Hotel,,,www.berkshirerooms.co.uk,,,Mr,Don ,James,1344360077,,,CREATE_GROUP,
1.84E+11,BR127,Berkshire Rooms Limited,Berkshire Rooms Limited,164,Mosaic Apartments,Slough,Slough,,SL1 1ER,GBR,1344360077,Hotel,,,www.berkshirerooms.co.uk,,,Mr,Don ,James,1344360077,,,CREATE_GROUP,
1.84E+11,BR128,Berkshire Rooms Limited,Berkshire Rooms Limited,165,Mosaic Apartments,Slough,Slough,,SL1 1ER,GBR,1344360077,Hotel,,,www.berkshirerooms.co.uk,,,Mr,Don ,James,1344360077,,,CREATE_GROUP,
1.84E+11,BR129,Berkshire Rooms Limited,Berkshire Rooms Limited,167,Mosaic Apartments,Slough,Slough,,SL1 1ER,GBR,1344360077,Hotel,,,www.berkshirerooms.co.uk,,,Mr,Don ,James,1344360077,,,CREATE_GROUP,
1.84E+11,BR130,Berkshire Rooms Limited,Berkshire Rooms Limited,4,Greenwich Court,Windsor,Windsor,,SL4 3DW,GBR,1344360077,Hotel,,,www.berkshirerooms.co.uk,,,Mr,Don ,James,1344360077,,,CREATE_GROUP,
1.84E+11,BR131,Berkshire Rooms Limited,Berkshire Rooms Limited,6,Bonham Court,Windsor,Windsor,,SL4 3DW,GBR,1344360077,Hotel,,,www.berkshirerooms.co.uk,,,Mr,Don ,James,1344360077,,,CREATE_GROUP,
1.84E+11,BR132,Berkshire Rooms Limited,Berkshire Rooms Limited,25,Pavilions,Windsor,Windsor,,SL4 5GE,GBR,1344360077,Hotel,,,www.berkshirerooms.co.uk,,,Mr,Don ,James,1344360077,,,CREATE_GROUP,
1.84E+11,BR133,Berkshire Rooms Limited,Berkshire Rooms Limited,2,Villiers,Windsor,Windsor,,SL4 5ED,GBR,1344360077,Hotel,,,www.berkshirerooms.co.uk,,,Mr,Don ,James,1344360077,,,CREATE_GROUP,
1.84E+11,BR134,Berkshire Rooms Limited,Berkshire Rooms Limited,1,Montague House,Wokingham,Wokingham,,RG40 1AU,GBR,1344360077,Hotel,,,www.berkshirerooms.co.uk,,,Mr,Don ,James,1344360077,,,CREATE_GROUP,
1.84E+11,BR135,Berkshire Rooms Limited,Berkshire Rooms Limited,2,Montague House,Wokingham,Wokingham,,RG40 1AU,GBR,1344360077,Hotel,,,www.berkshirerooms.co.uk,,,Mr,Don ,James,1344360077,,,CREATE_GROUP,
1.84E+11,BR136,Berkshire Rooms Limited,Berkshire Rooms Limited,3,Montague House,Wokingham,Wokingham,,RG40 1AU,GBR,1344360077,Hotel,,,www.berkshirerooms.co.uk,,,Mr,Don ,James,1344360077,,,CREATE_GROUP,
1.84E+11,BR137,Berkshire Rooms Limited,Berkshire Rooms Limited,4,Montague House,Wokingham,Wokingham,,RG40 1AU,GBR,1344360077,Hotel,,,www.berkshirerooms.co.uk,,,Mr,Don ,James,1344360077,,,CREATE_GROUP,
1.84E+11,BR138,Berkshire Rooms Limited,Berkshire Rooms Limited,5,Montague House,Wokingham,Wokingham,,RG40 1AU,GBR,1344360077,Hotel,,,www.berkshirerooms.co.uk,,,Mr,Don ,James,1344360077,,,CREATE_GROUP,
1.84E+11,BR139,Berkshire Rooms Limited,Berkshire Rooms Limited,6,Montague House,Wokingham,Wokingham,,RG40 1AU,GBR,1344360077,Hotel,,,www.berkshirerooms.co.uk,,,Mr,Don ,James,1344360077,,,CREATE_GROUP,
1.84E+11,BR140,Berkshire Rooms Limited,Berkshire Rooms Limited,7,Montague House,Wokingham,Wokingham,,RG40 1AU,GBR,1344360077,Hotel,,,www.berkshirerooms.co.uk,,,Mr,Don ,James,1344360077,,,CREATE_GROUP,
